-- INSERT SQL FILES (DDL)

--Author: Janice Ivana
--Date: 23/08/25


-- INSERT INTO URA

-- INSERT CENTRAL REGION
INSERT INTO ura VALUES ('GEYLANG','CENTRAL REGION');
INSERT INTO ura VALUES ('TOA PAYOH','CENTRAL REGION');
INSERT INTO ura VALUES ('DOWNTOWN CORE','CENTRAL REGION');
INSERT INTO ura VALUES ('BUKIT TIMAH','CENTRAL REGION');
INSERT INTO ura VALUES ('ROCHOR','CENTRAL REGION');
INSERT INTO ura VALUES ('KALLANG','CENTRAL REGION');
INSERT INTO ura VALUES ('BISHAN','CENTRAL REGION');
INSERT INTO ura VALUES ('TANGLIN','CENTRAL REGION');
INSERT INTO ura VALUES ('MUSEUM','CENTRAL REGION');
INSERT INTO ura VALUES ('QUEENSTOWN','CENTRAL REGION');
INSERT INTO ura VALUES ('OUTRAM','CENTRAL REGION');
INSERT INTO ura VALUES ('SINGAPORE RIVER','CENTRAL REGION');
INSERT INTO ura VALUES ('MARINA SOUTH','CENTRAL REGION');
INSERT INTO ura VALUES ('RIVER VALLEY','CENTRAL REGION');
INSERT INTO ura VALUES ('BUKIT MERAH','CENTRAL REGION');
INSERT INTO ura VALUES ('MARINE PARADE','CENTRAL REGION');
INSERT INTO ura VALUES ('STRAITS VIEW','CENTRAL REGION');
INSERT INTO ura VALUES ('NEWTON','CENTRAL REGION');
INSERT INTO ura VALUES ('NOVENA','CENTRAL REGION');
INSERT INTO ura VALUES ('ORCHARD','CENTRAL REGION');

--INSERT EAST REGION
INSERT INTO ura VALUES ('BEDOK','EAST REGION');
INSERT INTO ura VALUES ('CHANGI','EAST REGION');
INSERT INTO ura VALUES ('TAMPINES','EAST REGION');
INSERT INTO ura VALUES ('PASIR RIS','EAST REGION');

-- INSERT NORTH REGION
INSERT INTO ura VALUES ('SEMBAWANG','NORTH REGION');
INSERT INTO ura VALUES ('YISHUN','NORTH REGION');
INSERT INTO ura VALUES ('SUNGEI KADUT','NORTH REGION');
INSERT INTO ura VALUES ('WOODLANDS','NORTH REGION');

--INSERT NORTH-EAST REGION
INSERT INTO ura VALUES ('ANG MO KIO','NORTH-EAST REGION');
INSERT INTO ura VALUES ('SENGKANG','NORTH-EAST REGION');
INSERT INTO ura VALUES ('PUNGGOL','NORTH-EAST REGION');
INSERT INTO ura VALUES ('HOUGANG','NORTH-EAST REGION');
INSERT INTO ura VALUES ('SERANGOON','NORTH-EAST REGION');

--INSERT WEST REGION
INSERT INTO ura VALUES ('BUKIT PANJANG','WEST REGION');
INSERT INTO ura VALUES ('JURONG WEST','WEST REGION');
INSERT INTO ura VALUES ('BUKIT BATOK','WEST REGION');
INSERT INTO ura VALUES ('JURONG EAST','WEST REGION');
INSERT INTO ura VALUES ('CHOA CHU KANG','WEST REGION');
INSERT INTO ura VALUES ('CLEMENTI','WEST REGION');
INSERT INTO ura VALUES ('PIONEER','WEST REGION');
INSERT INTO ura VALUES ('TUAS','WEST REGION');

commit;

-------------------------------------------------------------------------------------------

-- INSERT INTO TRAIN_STATION

INSERT INTO TRAIN_STATION VALUES ('81 LORONG 25 GEYLANG ALJUNIED MRT STATION (EW9) SINGAPORE 388310',1.316432612, 103.882906, 'GEYLANG');
INSERT INTO TRAIN_STATION VALUES ('90 BARTLEY ROAD BARTLEY MRT STATION (CC12) SINGAPORE 539788', 1.342501178, 103.8801779, 'TOA PAYOH');
INSERT INTO TRAIN_STATION VALUES ('11 BAYFRONT AVENUE BAYFRONT MRT STATION (DT16 / CE1) SINGAPORE 018957', 1.281873789, 103.8590798, 'DOWNTOWN CORE');
INSERT INTO TRAIN_STATION VALUES ('101 UPPER BUKIT TIMAH ROAD BEAUTY WORLD MRT STATION (DT5) SINGAPORE 588216', 1.341223176, 103.7757943, 'BUKIT TIMAH');
INSERT INTO TRAIN_STATION VALUES ('31 BENCOOLEN STREET BENCOOLEN MRT STATION (DT21) SINGAPORE 189658', 1.298918434, 103.8503538, 'ROCHOR');
INSERT INTO TRAIN_STATION VALUES ('11 KALLANG BAHRU BENDEMEER MRT STATION (DT23) SINGAPORE 339356', 1.313672528, 103.8629776, 'KALLANG');
INSERT INTO TRAIN_STATION VALUES ('200 BISHAN ROAD BISHAN MRT STATION (NS17) SINGAPORE 579827', 1.350838988, 103.848144, 'BISHAN');
INSERT INTO TRAIN_STATION VALUES ('17 BISHAN PLACE BISHAN MRT STATION (CC15) SINGAPORE 579842', 1.351315801, 103.8491403, 'BISHAN');
INSERT INTO TRAIN_STATION VALUES ('900 SERANGOON ROAD BOON KENG MRT STATION (NE9) SINGAPORE 328260', 1.319335709, 103.8615695, 'KALLANG');
INSERT INTO TRAIN_STATION VALUES ('100 CLUNY PARK ROAD BOTANIC GARDENS MRT STATION (CC19) SINGAPORE 257494', 1.322113736, 103.8149845, 'TANGLIN');
INSERT INTO TRAIN_STATION VALUES ('491 BUKIT TIMAH ROAD BOTANIC GARDENS MRT STATION (DT9) SINGAPORE 259777', 1.322488071, 103.816014, 'TANGLIN');
INSERT INTO TRAIN_STATION VALUES ('377 LORONG 1 TOA PAYOH BRADDELL MRT STATION (NS18) SINGAPORE 319756', 1.340469001, 103.8467991, 'TOA PAYOH');
INSERT INTO TRAIN_STATION VALUES ('65 BRAS BASAH ROAD BRAS BASAH MRT STATION (CC2) SINGAPORE 189561', 1.296861686, 103.8506674, 'MUSEUM');
INSERT INTO TRAIN_STATION VALUES ('100 SIN MING AVENUE BRIGHT HILL MRT STATION (TE7) SINGAPORE 575737', 1.363283185, 103.8328936, 'BISHAN');
INSERT INTO TRAIN_STATION VALUES ('220 VICTORIA STREET BUGIS MRT STATION (EW12) SINGAPORE 188022', 1.300465085, 103.8557067, 'ROCHOR');
INSERT INTO TRAIN_STATION VALUES ('191 ROCHOR ROAD BUGIS MRT STATION (DT14) SINGAPORE 188476', 1.299313503, 103.857126, 'DOWNTOWN CORE');
INSERT INTO TRAIN_STATION VALUES ('100 NORTH BUONA VISTA ROAD BUONA VISTA MRT STATION (EW21) SINGAPORE 139345', 1.307223708, 103.7902535, 'QUEENSTOWN');
INSERT INTO TRAIN_STATION VALUES ('150 NORTH BUONA VISTA ROAD BUONA VISTA MRT STATION (CC22) SINGAPORE 139350', 1.306634504, 103.7907094, 'QUEENSTOWN');
INSERT INTO TRAIN_STATION VALUES ('38 TOA PAYOH RISE CALDECOTT MRT STATION (CC17) SINGAPORE 298113', 1.337674508, 103.8395298, 'TOA PAYOH');
INSERT INTO TRAIN_STATION VALUES ('1 TOA PAYOH LINK CALDECOTT MRT STATION (TE9) SINGAPORE 297608', 1.337245613, 103.8401618, 'TOA PAYOH');
INSERT INTO TRAIN_STATION VALUES ('151 NEW BRIDGE ROAD CHINATOWN MRT STATION (NE4) SINGAPORE 059443',1.284359593, 103.8434267, 'OUTRAM');
INSERT INTO TRAIN_STATION VALUES ('91 UPPER CROSS STREET CHINATOWN MRT STATION (DT19) SINGAPORE 058362', 1.284223919, 103.8451438, 'OUTRAM');
INSERT INTO TRAIN_STATION VALUES ('150 NORTH BRIDGE ROAD CITY HALL MRT STATION (EW13 / NS25) SINGAPORE 179100', 1.292936722, 103.8525856, 'DOWNTOWN CORE');
INSERT INTO TRAIN_STATION VALUES ('10 EU TONG SEN STREET CLARKE QUAY MRT STATION (NE5) SINGAPORE 059815', 1.288386024, 103.8465552, 'SINGAPORE RIVER');
INSERT INTO TRAIN_STATION VALUES ('375 COMMONWEALTH AVENUE COMMONWEALTH MRT STATION (EW20) SINGAPORE 149735', 1.302501999, 103.7982285, 'QUEENSTOWN');
INSERT INTO TRAIN_STATION VALUES ('201 OLD AIRPORT ROAD DAKOTA MRT STATION (CC8) SINGAPORE 397973', 1.308547984, 103.8890647, 'GEYLANG');
INSERT INTO TRAIN_STATION VALUES ('11 ORCHARD ROAD DHOBY GHAUT MRT STATION (NS24) SINGAPORE 238826', 1.298701325, 103.8461137, 'MUSEUM');
INSERT INTO TRAIN_STATION VALUES ('60 ORCHARD ROAD DHOBY GHAUT MRT STATION (NE6) SINGAPORE 238889', 1.299704581, 103.8454885, 'MUSEUM');
INSERT INTO TRAIN_STATION VALUES ('13 ORCHARD ROAD DHOBY GHAUT MRT STATION (CC1) SINGAPORE 238893', 1.298911644, 103.8462925, 'MUSEUM');
INSERT INTO TRAIN_STATION VALUES ('200 COMMONWEALTH AVENUE WEST DOVER MRT STATION (EW22) SINGAPORE 138677', 1.311405293, 103.7786378, 'QUEENSTOWN');
INSERT INTO TRAIN_STATION VALUES ('15 CENTRAL BOULEVARD DOWNTOWN MRT STATION (DT17) SINGAPORE 018969', 1.279446382, 103.8528408, 'DOWNTOWN CORE');
INSERT INTO TRAIN_STATION VALUES ('90 BRAS BASAH ROAD ESPLANADE MRT STATION (CC3) SINGAPORE 189562', 1.293657725, 103.8550812, 'DOWNTOWN CORE');
INSERT INTO TRAIN_STATION VALUES ('30 EUNOS CRESCENT EUNOS MRT STATION (EW7) SINGAPORE 409423', 1.319783549, 103.9032258, 'GEYLANG');
INSERT INTO TRAIN_STATION VALUES ('250 RACE COURSE ROAD FARRER PARK MRT STATION (NE8) SINGAPORE 218703', 1.311905573, 103.8534777, 'ROCHOR');
INSERT INTO TRAIN_STATION VALUES ('71 FARRER ROAD FARRER ROAD MRT STATION (CC20) SINGAPORE 268857', 1.317439152, 103.8073792, 'BUKIT TIMAH');
INSERT INTO TRAIN_STATION VALUES ('170 RIVER VALLEY ROAD FORT CANNING MRT STATION (DT20) SINGAPORE 179038', 1.292481948, 103.8443314, 'SINGAPORE RIVER');
INSERT INTO TRAIN_STATION VALUES ('11 MARINA MALL GARDENS BY THE BAY MRT STATION (TE22) SINGAPORE 019396', 1.278487259, 103.8674547, 'MARINA SOUTH');
INSERT INTO TRAIN_STATION VALUES ('541 KALLANG BAHRU GEYLANG BAHRU MRT STATION (DT24) SINGAPORE 339355', 1.321301102, 103.8716226, 'KALLANG');
INSERT INTO TRAIN_STATION VALUES ('351 RIVER VALLEY ROAD GREAT WORLD MRT STATION (TE15) SINGAPORE 238384', 1.293948162, 103.8337208, 'RIVER VALLEY');
INSERT INTO TRAIN_STATION VALUES ('81 TELOK BLANGAH ROAD HARBOURFRONT MRT STATION (NE1 / CC29) SINGAPORE 098867', 1.265389384, 103.8215302, 'BUKIT MERAH');
INSERT INTO TRAIN_STATION VALUES ('110 ZION ROAD HAVELOCK MRT STATION (TE16) SINGAPORE 168604', 1.28850524, 103.8335858, 'BUKIT MERAH');
INSERT INTO TRAIN_STATION VALUES ('270 PASIR PANJANG ROAD HAW PAR VILLA MRT STATION (CC25) SINGAPORE 117396', 1.282571358, 103.7817527, 'QUEENSTOWN');
INSERT INTO TRAIN_STATION VALUES ('200 HOLLAND AVENUE HOLLAND VILLAGE MRT STATION (CC21) SINGAPORE 278995', 1.312240296, 103.7963991, 'BUKIT TIMAH');
INSERT INTO TRAIN_STATION VALUES ('90 JALAN BESAR JALAN BESAR MRT STATION (DT22) SINGAPORE 208826', 1.305171388, 103.8552957, 'ROCHOR');
INSERT INTO TRAIN_STATION VALUES ('5 SIMS AVENUE KALLANG MRT STATION (EW10) SINGAPORE 387405', 1.31148891, 103.8713865, 'KALLANG');
INSERT INTO TRAIN_STATION VALUES ('45 MEYER ROAD KATONG PARK MRT STATION (TE24) SINGAPORE 437870', 1.297831478, 103.8861789, 'MARINE PARADE');
INSERT INTO TRAIN_STATION VALUES ('301 SOUTH BUONA VISTA ROAD KENT RIDGE MRT STATION (CC24) SINGAPORE 118177', 1.293533499, 103.7845727, 'QUEENSTOWN');
INSERT INTO TRAIN_STATION VALUES ('2 BLACKMORE DRIVE KING ALBERT PARK MRT STATION (DT6) SINGAPORE 599987', 1.335661613, 103.7833991, 'BUKIT TIMAH');
INSERT INTO TRAIN_STATION VALUES ('701 TELOK BLANGAH ROAD LABRADOR PARK MRT STATION (CC27) SINGAPORE 109029', 1.272254177, 103.8026316, 'BUKIT MERAH');
INSERT INTO TRAIN_STATION VALUES ('50 KALLANG ROAD LAVENDER MRT STATION (EW11) SINGAPORE 208699', 1.307377817, 103.8627676, 'KALLANG');
INSERT INTO TRAIN_STATION VALUES ('60 BUKIT TIMAH ROAD LITTLE INDIA MRT STATION (NE7) SINGAPORE 229900', 1.306800197, 103.8496471, 'ROCHOR');
INSERT INTO TRAIN_STATION VALUES ('62 BUKIT TIMAH ROAD LITTLE INDIA MRT STATION (DT12) SINGAPORE 229902', 1.307018268, 103.8486609, 'KALLANG');
INSERT INTO TRAIN_STATION VALUES ('171 PAYA LEBAR ROAD MACPHERSON MRT STATION (CC10) SINGAPORE 409048', 1.326077602, 103.8903913, 'GEYLANG');
INSERT INTO TRAIN_STATION VALUES ('10 CIRCUIT LINK MACPHERSON MRT STATION (DT26) SINGAPORE 378956', 1.326150245, 103.8892986, 'GEYLANG');
INSERT INTO TRAIN_STATION VALUES ('21 PARK STREET MARINA BAY MRT STATION (NS27) SINGAPORE 018925', 1.276410299, 103.8545955, 'DOWNTOWN CORE');
INSERT INTO TRAIN_STATION VALUES ('23 PARK STREET MARINA BAY MRT STATION (CE2) SINGAPORE 018926', 1.276251464, 103.8554472, 'DOWNTOWN CORE');
INSERT INTO TRAIN_STATION VALUES ('25 PARK STREET MARINA BAY MRT STATION (TE20) SINGAPORE 018929', 1.274741732, 103.8553092, 'DOWNTOWN CORE');
INSERT INTO TRAIN_STATION VALUES ('33 MARINA COASTAL DRIVE MARINA SOUTH PIER MRT STATION (NS28) SINGAPORE 018948', 1.271027036, 103.8624475, 'STRAITS VIEW');
INSERT INTO TRAIN_STATION VALUES ('101 MARINE PARADE ROAD MARINE PARADE MRT STATION (TE26) SINGAPORE 449971', 1.302611635, 103.9049831, 'MARINE PARADE');
INSERT INTO TRAIN_STATION VALUES ('304 MARINE PARADE ROAD MARINE TERRACE MRT STATION (TE27) SINGAPORE 449970', 1.306665103, 103.9151067, 'MARINE PARADE');
INSERT INTO TRAIN_STATION VALUES ('60 MARYMOUNT ROAD MARYMOUNT MRT STATION (CC16) SINGAPORE 573993', 1.348707263, 103.8394231, 'BISHAN');
INSERT INTO TRAIN_STATION VALUES ('60 MERPATI ROAD MATTAR MRT STATION (DT25) SINGAPORE 379314', 1.326876715, 103.8832475, 'GEYLANG');
INSERT INTO TRAIN_STATION VALUES ('321 SOUTH BRIDGE ROAD MAXWELL MRT STATION (TE18) SINGAPORE 058841', 1.280533298, 103.8438837, 'OUTRAM');
INSERT INTO TRAIN_STATION VALUES ('301 MOUNTBATTEN ROAD MOUNTBATTEN MRT STATION (CC7) SINGAPORE 398006', 1.306201905, 103.8825281, 'GEYLANG');
INSERT INTO TRAIN_STATION VALUES ('2 NAPIER ROAD NAPIER MRT STATION (TE12) SINGAPORE 258511', 1.306782234, 103.8189568, 'TANGLIN');
INSERT INTO TRAIN_STATION VALUES ('49 SCOTTS ROAD NEWTON MRT STATION (NS21) SINGAPORE 228234', 1.312318922, 103.8379846, 'NEWTON');
INSERT INTO TRAIN_STATION VALUES ('235 BUKIT TIMAH ROAD NEWTON MRT STATION (DT11) SINGAPORE 229901', 1.313992863, 103.8377146, 'NEWTON');
INSERT INTO TRAIN_STATION VALUES ('20 REPUBLIC AVENUE NICOLL HIGHWAY MRT STATION (CC5) SINGAPORE 038970', 1.299766847, 103.863637, 'KALLANG');
INSERT INTO TRAIN_STATION VALUES ('250 THOMSON ROAD NOVENA MRT STATION (NS20) SINGAPORE 307642', 1.320440791, 103.8438256, 'NOVENA');
INSERT INTO TRAIN_STATION VALUES ('9 AYER RAJAH AVENUE ONE-NORTH MRT STATION (CC23) SINGAPORE 138647', 1.299759875, 103.7874575, 'QUEENSTOWN');
INSERT INTO TRAIN_STATION VALUES ('437 ORCHARD ROAD ORCHARD MRT STATION (NS22) SINGAPORE 238878', 1.303980137, 103.8322452, 'ORCHARD');
INSERT INTO TRAIN_STATION VALUES ('301 ORCHARD BOULEVARD ORCHARD MRT STATION (TE14) SINGAPORE 237974', 1.303044263, 103.831375, 'RIVER VALLEY');
INSERT INTO TRAIN_STATION VALUES ('20 ORCHARD BOULEVARD ORCHARD BOULEVARD MRT STATION (TE13) SINGAPORE 248654', 1.302422248, 103.8238685, 'RIVER VALLEY');
INSERT INTO TRAIN_STATION VALUES ('10 OUTRAM ROAD OUTRAM PARK MRT STATION (EW16) SINGAPORE 169037', 1.281405048, 103.839131, 'OUTRAM');
INSERT INTO TRAIN_STATION VALUES ('300 EU TONG SEN STREET OUTRAM PARK MRT STATION (NE3) SINGAPORE 059816', 1.279720594, 103.8394399, 'BUKIT MERAH');
INSERT INTO TRAIN_STATION VALUES ('13 OUTRAM ROAD OUTRAM PARK MRT STATION (TE17) SINGAPORE 169080', 1.281329644, 103.8391376, 'OUTRAM');
INSERT INTO TRAIN_STATION VALUES ('119 PASIR PANJANG ROAD PASIR PANJANG MRT STATION (CC26) SINGAPORE 117424', 1.276213522, 103.7913503, 'QUEENSTOWN');
INSERT INTO TRAIN_STATION VALUES ('30 PAYA LEBAR ROAD PAYA LEBAR MRT STATION (EW8) SINGAPORE 409006', 1.318111492, 103.8930608, 'GEYLANG');
INSERT INTO TRAIN_STATION VALUES ('15 PAYA LEBAR ROAD PAYA LEBAR MRT STATION (CC9) SINGAPORE 409049', 1.317247385, 103.8922608, 'GEYLANG');
INSERT INTO TRAIN_STATION VALUES ('55 UPPER SERANGOON ROAD POTONG PASIR MRT STATION (NE10) SINGAPORE 347694', 1.33137949, 103.8690557, 'TOA PAYOH');
INSERT INTO TRAIN_STATION VALUES ('2 TEMASEK AVENUE PROMENADE MRT STATION (CC4) SINGAPORE 039193', 1.293997986, 103.86035, 'DOWNTOWN CORE');
INSERT INTO TRAIN_STATION VALUES ('10 TEMASEK AVENUE PROMENADE MRT STATION (DT15) SINGAPORE 039194', 1.292891754, 103.8608918, 'DOWNTOWN CORE');
INSERT INTO TRAIN_STATION VALUES ('301 COMMONWEALTH AVENUE QUEENSTOWN MRT STATION (EW19) SINGAPORE 149729', 1.294550852, 103.8060772, 'QUEENSTOWN');
INSERT INTO TRAIN_STATION VALUES ('5 RAFFLES PLACE RAFFLES PLACE MRT STATION (EW14 / NS26) SINGAPORE 048618', 1.28412561, 103.8514617, 'DOWNTOWN CORE');
INSERT INTO TRAIN_STATION VALUES ('920 TIONG BAHRU ROAD REDHILL MRT STATION (EW18) SINGAPORE 158792', 1.289634534, 103.816741, 'BUKIT MERAH');
INSERT INTO TRAIN_STATION VALUES ('11 ROCHOR CANAL ROAD ROCHOR MRT STATION (DT13) SINGAPORE 188505', 1.303852185, 103.8527694, 'ROCHOR');
INSERT INTO TRAIN_STATION VALUES ('2 PARK STREET SHENTON WAY MRT STATION (TE19) SINGAPORE 018928', 1.277716828, 103.8503676, 'DOWNTOWN CORE');
INSERT INTO TRAIN_STATION VALUES ('777 BUKIT TIMAH ROAD SIXTH AVENUE MRT STATION (DT7) SINGAPORE 269784', 1.330857645, 103.7969068, 'BUKIT TIMAH');
INSERT INTO TRAIN_STATION VALUES ('1 SOMERSET ROAD SOMERSET MRT STATION (NS23) SINGAPORE 238162', 1.300264167, 103.8390858, 'ORCHARD');
INSERT INTO TRAIN_STATION VALUES ('3 STADIUM WALK STADIUM MRT STATION (CC6) SINGAPORE 397692', 1.302812468, 103.8753377, 'KALLANG');
INSERT INTO TRAIN_STATION VALUES ('92 STEVENS ROAD STEVENS MRT STATION (DT10) SINGAPORE 257877', 1.320065558, 103.8260244, 'TANGLIN');
INSERT INTO TRAIN_STATION VALUES ('82 STEVENS ROAD STEVENS MRT STATION (TE11) SINGAPORE 257879', 1.319334374, 103.825567, 'TANGLIN');
INSERT INTO TRAIN_STATION VALUES ('651 BUKIT TIMAH ROAD TAN KAH KEE MRT STATION (DT8) SINGAPORE 266268', 1.325556235, 103.8077603, 'BUKIT TIMAH');
INSERT INTO TRAIN_STATION VALUES ('2 AMBER ROAD TANJONG KATONG MRT STATION (TE25) SINGAPORE 439846', 1.299319258, 103.8973687, 'MARINE PARADE');
INSERT INTO TRAIN_STATION VALUES ('120 MAXWELL ROAD TANJONG PAGAR MRT STATION (EW15) SINGAPORE 069119', 1.276561317, 103.8457252, 'DOWNTOWN CORE');
INSERT INTO TRAIN_STATION VALUES ('2 TANJONG RHU PLACE TANJONG RHU MRT STATION (TE23) SINGAPORE 436488', 1.297265079, 103.8734533, 'KALLANG');
INSERT INTO TRAIN_STATION VALUES ('7 CROSS STREET TELOK AYER MRT STATION (DT18) SINGAPORE 048416', 1.282068948, 103.8486488, 'OUTRAM');
INSERT INTO TRAIN_STATION VALUES ('463 TELOK BLANGAH ROAD TELOK BLANGAH MRT STATION (CC28) SINGAPORE 109028', 1.270706477, 103.8097616, 'BUKIT MERAH');
INSERT INTO TRAIN_STATION VALUES ('300 TIONG BAHRU ROAD TIONG BAHRU MRT STATION (EW17) SINGAPORE 168731', 1.286102536, 103.8274451, 'BUKIT MERAH');
INSERT INTO TRAIN_STATION VALUES ('510 LORONG 6 TOA PAYOH TOA PAYOH MRT STATION (NS19) SINGAPORE 319398', 1.332629281, 103.8475022, 'TOA PAYOH');
INSERT INTO TRAIN_STATION VALUES ('51 UBI AVENUE 2 UBI MRT STATION (DT27) SINGAPORE 408899', 1.32997426, 103.8992267, 'GEYLANG');
INSERT INTO TRAIN_STATION VALUES ('1 JALAN KELI UPPER THOMSON MRT STATION (TE8) SINGAPORE 577937', 1.354416434, 103.8328985, 'BISHAN');
INSERT INTO TRAIN_STATION VALUES ('400 UPPER SERANGOON ROAD WOODLEIGH MRT STATION (NE11) SINGAPORE 347695', 1.339190045, 103.8708183, 'TOA PAYOH');
INSERT INTO TRAIN_STATION VALUES ('31 BAYSHORE ROAD BAYSHORE MRT STATION (TE29) SINGAPORE 469958', 1.313122483, 103.9423098, 'BEDOK');
INSERT INTO TRAIN_STATION VALUES ('315 NEW UPPER CHANGI ROAD BEDOK MRT STATION (EW5) SINGAPORE 467347', 1.323979969, 103.9299845, 'BEDOK');
INSERT INTO TRAIN_STATION VALUES ('651 BEDOK NORTH ROAD BEDOK NORTH MRT STATION (DT29) SINGAPORE 479481', 1.334742117, 103.9179783, 'BEDOK');
INSERT INTO TRAIN_STATION VALUES ('371 BEDOK NORTH AVENUE 3 BEDOK RESERVOIR MRT STATION (DT30) SINGAPORE 469724', 1.33660783, 103.9322346, 'BEDOK');
INSERT INTO TRAIN_STATION VALUES ('70 AIRPORT BOULEVARD CHANGI AIRPORT MRT STATION (CG2) SINGAPORE 819661', 1.357478974, 103.9878836, 'CHANGI');
INSERT INTO TRAIN_STATION VALUES ('21 CHANGI SOUTH AVENUE 1 EXPO MRT STATION (CG1) SINGAPORE 486065', 1.334549778, 103.9615482, 'TAMPINES');
INSERT INTO TRAIN_STATION VALUES ('2 EXPO DRIVE EXPO MRT STATION (DT35) SINGAPORE 485985', 1.335382526, 103.9623747, 'TAMPINES');
INSERT INTO TRAIN_STATION VALUES ('30 KAKI BUKIT AVENUE 1 KAKI BUKIT MRT STATION (DT28) SINGAPORE 415804', 1.33496736, 103.9084593, 'BEDOK');
INSERT INTO TRAIN_STATION VALUES ('55 SIMS AVENUE EAST KEMBANGAN MRT STATION (EW6) SINGAPORE 416551', 1.321038134, 103.9129479, 'BEDOK');
INSERT INTO TRAIN_STATION VALUES ('10 PASIR RIS CENTRAL PASIR RIS MRT STATION (EW1) SINGAPORE 519634', 1.373043316, 103.9492845, 'PASIR RIS');
INSERT INTO TRAIN_STATION VALUES ('1000 MARINE PARADE ROAD SIGLAP MRT STATION (TE28) SINGAPORE 449969', 1.310008694, 103.9300258, 'BEDOK');
INSERT INTO TRAIN_STATION VALUES ('30 SIMEI STREET 3 SIMEI MRT STATION (EW3) SINGAPORE 529888', 1.343197079, 103.9533772, 'TAMPINES');
INSERT INTO TRAIN_STATION VALUES ('20 TAMPINES CENTRAL 1 TAMPINES MRT STATION (EW2) SINGAPORE 529538', 1.353301676, 103.9451446, 'TAMPINES');
INSERT INTO TRAIN_STATION VALUES ('15 TAMPINES CENTRAL 1 TAMPINES MRT STATION (DT32) SINGAPORE 529544', 1.355150411, 103.9430099, 'TAMPINES');
INSERT INTO TRAIN_STATION VALUES ('20 TAMPINES AVENUE 7 TAMPINES EAST MRT STATION (DT33) SINGAPORE 529623', 1.356191483, 103.9546345, 'TAMPINES');
INSERT INTO TRAIN_STATION VALUES ('2 TAMPINES AVENUE 4 TAMPINES WEST MRT STATION (DT31) SINGAPORE 529683', 1.345515306, 103.938437, 'TAMPINES');
INSERT INTO TRAIN_STATION VALUES ('920 NEW UPPER CHANGI ROAD TANAH MERAH MRT STATION (EW4) SINGAPORE 467356', 1.327187291, 103.9463486, 'BEDOK');
INSERT INTO TRAIN_STATION VALUES ('690 UPPER CHANGI ROAD EAST UPPER CHANGI MRT STATION (DT34) SINGAPORE 485990', 1.341739774, 103.9614728, 'TAMPINES');
INSERT INTO TRAIN_STATION VALUES ('70 WOODLANDS AVENUE 7 ADMIRALTY MRT STATION (NS10) SINGAPORE 738344', 1.440588562, 103.8009905, 'WOODLANDS');
INSERT INTO TRAIN_STATION VALUES ('11 CANBERRA LINK CANBERRA MRT STATION (NS12) SINGAPORE 756972', 1.443076641, 103.8297026, 'SEMBAWANG');
INSERT INTO TRAIN_STATION VALUES ('201 YISHUN AVENUE 2 KHATIB MRT STATION (NS14) SINGAPORE 769092', 1.41738337, 103.8329799, 'YISHUN');
INSERT INTO TRAIN_STATION VALUES ('960 WOODLANDS ROAD KRANJI MRT STATION (NS7) SINGAPORE 738702', 1.425086981, 103.7621375, 'SUNGEI KADUT');
INSERT INTO TRAIN_STATION VALUES ('71 WOODLANDS AVENUE 3 MARSILING MRT STATION (NS8) SINGAPORE 739044', 1.432521149, 103.7740746, 'WOODLANDS');
INSERT INTO TRAIN_STATION VALUES ('11 CANBERRA ROAD SEMBAWANG MRT STATION (NS11) SINGAPORE 759775', 1.449050822, 103.8200461, 'SEMBAWANG');
INSERT INTO TRAIN_STATION VALUES ('825 UPPER THOMSON ROAD SPRINGLEAF MRT STATION (TE4) SINGAPORE 787140', 1.397581061, 103.8178569, 'YISHUN');
INSERT INTO TRAIN_STATION VALUES ('30 WOODLANDS AVENUE 2 WOODLANDS MRT STATION (NS9) SINGAPORE 738343', 1.43681963, 103.7860668, 'WOODLANDS');
INSERT INTO TRAIN_STATION VALUES ('11 WOODLANDS SQUARE WOODLANDS MRT STATION (TE2) SINGAPORE 737736', 1.436057617, 103.7879388, 'WOODLANDS');
INSERT INTO TRAIN_STATION VALUES ('20 WOODLANDS NORTH COAST ROAD WOODLANDS NORTH MRT STATION (TE1) SINGAPORE 737668', 1.448292453, 103.7856927, 'WOODLANDS');
INSERT INTO TRAIN_STATION VALUES ('30 WOODLANDS DRIVE 17 WOODLANDS SOUTH MRT STATION (TE3) SINGAPORE 737741', 1.427396053, 103.7932643, 'WOODLANDS');
INSERT INTO TRAIN_STATION VALUES ('301 YISHUN AVENUE 2 YISHUN MRT STATION (NS13) SINGAPORE 769093', 1.429443085, 103.835005, 'YISHUN');
INSERT INTO TRAIN_STATION VALUES ('2795 ANG MO KIO AVENUE 8 ANG MO KIO MRT STATION (NS16) SINGAPORE 569812', 1.36993285, 103.8495581, 'ANG MO KIO');
INSERT INTO TRAIN_STATION VALUES ('50 RIVERVALE DRIVE BAKAU LRT STATION (SE3) SINGAPORE 545053', 1.387994311, 103.9054153, 'SENGKANG');
INSERT INTO TRAIN_STATION VALUES ('10 SENGKANG CENTRAL BUANGKOK MRT STATION (NE15) SINGAPORE 545061', 1.38287002, 103.8931226, 'SENGKANG');
INSERT INTO TRAIN_STATION VALUES ('5 ANCHORVALE STREET CHENG LIM LRT STATION (SW1) SINGAPORE 545047', 1.396277633, 103.8937972, 'SENGKANG');
INSERT INTO TRAIN_STATION VALUES ('10 COMPASSVALE STREET COMPASSVALE LRT STATION (SE1) SINGAPORE 545055', 1.394493045, 103.9004925, 'SENGKANG');
INSERT INTO TRAIN_STATION VALUES ('70 PUNGGOL FIELD CORAL EDGE LRT STATION (PE3) SINGAPORE 828856', 1.393909229, 103.9125808, 'PUNGGOL');
INSERT INTO TRAIN_STATION VALUES ('50 PUNGGOL FIELD COVE LRT STATION (PE1) SINGAPORE 828858', 1.399281988, 103.9059619, 'PUNGGOL');
INSERT INTO TRAIN_STATION VALUES ('40 PUNGGOL DRIVE DAMAI LRT STATION (PE7) SINGAPORE 828855', 1.405234836, 103.9086035, 'PUNGGOL');
INSERT INTO TRAIN_STATION VALUES ('35 ANCHORVALE STREET FARMWAY LRT STATION (SW2) SINGAPORE 545048', 1.397170196, 103.8893048, 'SENGKANG');
INSERT INTO TRAIN_STATION VALUES ('10 FERNVALE ROAD FERNVALE LRT STATION (SW5) SINGAPORE 797698', 1.391885892, 103.8763086, 'SENGKANG');
INSERT INTO TRAIN_STATION VALUES ('80 HOUGANG CENTRAL HOUGANG MRT STATION (NE14) SINGAPORE 538758', 1.371292266, 103.8923805, 'HOUGANG');
INSERT INTO TRAIN_STATION VALUES ('60 PUNGGOL DRIVE KADALOOR LRT STATION (PE5) SINGAPORE 828853', 1.399509106, 103.916575, 'PUNGGOL');
INSERT INTO TRAIN_STATION VALUES ('20 RIVERVALE DRIVE KANGKAR LRT STATION (SE4) SINGAPORE 545052', 1.383959117, 103.9022254, 'SENGKANG');
INSERT INTO TRAIN_STATION VALUES ('900 UPPER SERANGOON ROAD KOVAN MRT STATION (NE13) SINGAPORE 534799', 1.360179171, 103.8850649, 'HOUGANG');
INSERT INTO TRAIN_STATION VALUES ('60 FERNVALE STREET KUPANG LRT STATION (SW3) SINGAPORE 797697', 1.39821283, 103.8812562, 'SENGKANG');
INSERT INTO TRAIN_STATION VALUES ('11 SENGKANG WEST AVENUE LAYAR LRT STATION (SW6) SINGAPORE 797700', 1.392079837, 103.8800296, 'SENGKANG');
INSERT INTO TRAIN_STATION VALUES ('1 LENTOR DRIVE LENTOR MRT STATION (TE5) SINGAPORE 789361', 1.38550658, 103.8357438, 'ANG MO KIO');
INSERT INTO TRAIN_STATION VALUES ('150 SERANGOON AVENUE 3 LORONG CHUAN MRT STATION (CC14) SINGAPORE 554533', 1.351612171, 103.8641519, 'SERANGOON');
INSERT INTO TRAIN_STATION VALUES ('91 ANG MO KIO AVENUE 4 MAYFLOWER MRT STATION (TE6) SINGAPORE 569900', 1.371463188, 103.8365678, 'ANG MO KIO');
INSERT INTO TRAIN_STATION VALUES ('60 PUNGGOL FIELD MERIDIAN LRT STATION (PE2) SINGAPORE 828857', 1.39691205, 103.9089502, 'PUNGGOL');
INSERT INTO TRAIN_STATION VALUES ('41 PUNGGOL WAY NIBONG LRT STATION (PW5) SINGAPORE 828862', 1.411854477, 103.9003395, 'PUNGGOL');
INSERT INTO TRAIN_STATION VALUES ('50 PUNGGOL DRIVE OASIS LRT STATION (PE6) SINGAPORE 828854', 1.40228668, 103.9127274, 'PUNGGOL');
INSERT INTO TRAIN_STATION VALUES ('70 PUNGGOL CENTRAL PUNGGOL MRT STATION (NE17) SINGAPORE 828868', 1.404546537, 103.9020726, 'PUNGGOL');
INSERT INTO TRAIN_STATION VALUES ('70 PUNGGOL CENTRAL PUNGGOL LRT STATION (PTC) SINGAPORE 828868', 1.405194701, 103.9024119, 'PUNGGOL');
INSERT INTO TRAIN_STATION VALUES ('101 NEW PUNGGOL ROAD PUNGGOL COAST MRT STATION (NE18) SINGAPORE 828604', 1.414927334, 103.9101664, 'PUNGGOL');
INSERT INTO TRAIN_STATION VALUES ('81 PUNGGOL WAY PUNGGOL POINT LRT STATION (PW3) SINGAPORE 828644', 1.41684852, 103.9066508, 'PUNGGOL');
INSERT INTO TRAIN_STATION VALUES ('30 SENGKANG EAST AVENUE RANGGUNG LRT STATION (SE5) SINGAPORE 545046', 1.384233559, 103.8971947, 'SENGKANG');
INSERT INTO TRAIN_STATION VALUES ('60 SENGKANG EAST AVENUE RENJONG LRT STATION (SW8) SINGAPORE 545049', 1.38670059, 103.8906213, 'SENGKANG');
INSERT INTO TRAIN_STATION VALUES ('40 PUNGGOL EAST RIVIERA LRT STATION (PE4) SINGAPORE 828852', 1.394519785, 103.9161694, 'PUNGGOL');
INSERT INTO TRAIN_STATION VALUES ('70 RIVERVALE DRIVE RUMBIA LRT STATION (SE2) SINGAPORE 545054', 1.391468495, 103.9059736, 'SENGKANG');
INSERT INTO TRAIN_STATION VALUES ('10 SENTUL CRESCENT SAM KEE LRT STATION (PW1) SINGAPORE 828851', 1.409612685, 103.9048316, 'PUNGGOL');
INSERT INTO TRAIN_STATION VALUES ('61 PUNGGOL WAY SAMUDERA LRT STATION (PW4) SINGAPORE 828645', 1.415901722, 103.9021563, 'PUNGGOL');
INSERT INTO TRAIN_STATION VALUES ('5 SENGKANG SQUARE SENGKANG MRT STATION (NE16) SINGAPORE 545062', 1.391694626, 103.8954847, 'SENGKANG');
INSERT INTO TRAIN_STATION VALUES ('5 SENGKANG SQUARE SENGKANG LRT STATION (STC) SINGAPORE 545062', 1.391609364, 103.8954426, 'SENGKANG');
INSERT INTO TRAIN_STATION VALUES ('600 UPPER SERANGOON ROAD SERANGOON MRT STATION (NE12) SINGAPORE 534801', 1.349707881, 103.8735748, 'SERANGOON');
INSERT INTO TRAIN_STATION VALUES ('21 SERANGOON CENTRAL SERANGOON MRT STATION (CC13) SINGAPORE 556082', 1.350633615, 103.8727717, 'SERANGOON');
INSERT INTO TRAIN_STATION VALUES ('21 PUNGGOL WAY SOO TECK LRT STATION (PW7) SINGAPORE 828864', 1.405323319, 103.8972905, 'PUNGGOL');
INSERT INTO TRAIN_STATION VALUES ('31 PUNGGOL WAY SUMANG LRT STATION (PW6) SINGAPORE 828863', 1.408452419, 103.8985585, 'PUNGGOL');
INSERT INTO TRAIN_STATION VALUES ('33 UPPER PAYA LEBAR ROAD TAI SENG MRT STATION (CC11) SINGAPORE 534803', 1.335141501, 103.8883893, 'HOUGANG');
INSERT INTO TRAIN_STATION VALUES ('40 FERNVALE ROAD THANGGAM LRT STATION (SW4) SINGAPORE 797699', 1.397318156, 103.8756352, 'SENGKANG');
INSERT INTO TRAIN_STATION VALUES ('80 SENGKANG EAST AVENUE TONGKANG LRT STATION (SW7) SINGAPORE 545050', 1.389347947, 103.8858442, 'SENGKANG');
INSERT INTO TRAIN_STATION VALUES ('3000 ANG MO KIO AVENUE 8 YIO CHU KANG MRT STATION (NS15) SINGAPORE 569813', 1.381755871, 103.8449473, 'ANG MO KIO');
INSERT INTO TRAIN_STATION VALUES ('20 BUKIT PANJANG RING ROAD BANGKIT LRT STATION (BP9) SINGAPORE 679939', 1.38002223, 103.7726474, 'BUKIT PANJANG');
INSERT INTO TRAIN_STATION VALUES ('301 BOON LAY WAY BOON LAY MRT STATION (EW27) SINGAPORE 649846', 1.338604055, 103.7060646, 'JURONG WEST');
INSERT INTO TRAIN_STATION VALUES ('10 BUKIT BATOK CENTRAL BUKIT BATOK MRT STATION (NS2) SINGAPORE 659958', 1.349033312, 103.7495665, 'BUKIT BATOK');
INSERT INTO TRAIN_STATION VALUES ('802 BUKIT BATOK WEST AVENUE 5 BUKIT GOMBAK MRT STATION (NS3) SINGAPORE 659083', 1.358611591, 103.7517909, 'BUKIT BATOK');
INSERT INTO TRAIN_STATION VALUES ('950 UPPER BUKIT TIMAH ROAD BUKIT PANJANG MRT STATION (DT1) SINGAPORE 678213', 1.379002116, 103.7615351, 'BUKIT BATOK');
INSERT INTO TRAIN_STATION VALUES ('11 PETIR ROAD BUKIT PANJANG LRT STATION (BP6) SINGAPORE 678268', 1.377926946, 103.7631029, 'BUKIT PANJANG');
INSERT INTO TRAIN_STATION VALUES ('1 CASHEW ROAD CASHEW MRT STATION (DT2) SINGAPORE 679696', 1.369815449, 103.7644392, 'BUKIT PANJANG');
INSERT INTO TRAIN_STATION VALUES ('151 BOON LAY WAY CHINESE GARDEN MRT STATION (EW25) SINGAPORE 609959', 1.342352821, 103.7325967, 'JURONG EAST');
INSERT INTO TRAIN_STATION VALUES ('10 CHOA CHU KANG AVENUE 4 CHOA CHU KANG MRT STATION (NS4) SINGAPORE 689810', 1.385363165, 103.7443708, 'CHOA CHU KANG');
INSERT INTO TRAIN_STATION VALUES ('15 CHOA CHU KANG AVENUE 4 CHOA CHU KANG LRT STATION (BP1) SINGAPORE 689813', 1.384755411, 103.7445377, 'CHOA CHU KANG');
INSERT INTO TRAIN_STATION VALUES ('3150 COMMONWEALTH AVENUE WEST CLEMENTI MRT STATION (EW23) SINGAPORE 129580', 1.315116253, 103.7651915, 'CLEMENTI');
INSERT INTO TRAIN_STATION VALUES ('40 FAJAR ROAD FAJAR LRT STATION (BP10) SINGAPORE 679004', 1.384573177, 103.7708872, 'BUKIT PANJANG');
INSERT INTO TRAIN_STATION VALUES ('7A TUAS ROAD GUL CIRCLE MRT STATION (EW30) SINGAPORE 637288', 1.319470901, 103.6605305, 'PIONEER');
INSERT INTO TRAIN_STATION VALUES ('510 UPPER BUKIT TIMAH ROAD HILLVIEW MRT STATION (DT3) SINGAPORE 678211', 1.362344868, 103.7674183, 'BUKIT PANJANG');
INSERT INTO TRAIN_STATION VALUES ('70 BUKIT PANJANG RING ROAD JELAPANG LRT STATION (BP12) SINGAPORE 679941', 1.38673927, 103.7645341, 'BUKIT PANJANG');
INSERT INTO TRAIN_STATION VALUES ('91 JOO KOON CIRCLE JOO KOON MRT STATION (EW29) SINGAPORE 629116', 1.327717041, 103.678375, 'PIONEER');
INSERT INTO TRAIN_STATION VALUES ('10 JURONG EAST STREET 12 JURONG EAST MRT STATION (EW24 / NS1) SINGAPORE 609690', 1.333152816, 103.7422863, 'JURONG EAST');
INSERT INTO TRAIN_STATION VALUES ('30 CHOA CHU KANG WAY KEAT HONG LRT STATION (BP3) SINGAPORE 688266', 1.378603251, 103.7490557, 'CHOA CHU KANG');
INSERT INTO TRAIN_STATION VALUES ('201 BOON LAY WAY LAKESIDE MRT STATION (EW26) SINGAPORE 649845', 1.344259115, 103.7209491, 'JURONG WEST');
INSERT INTO TRAIN_STATION VALUES ('9 PENDING ROAD PENDING LRT STATION (BP8) SINGAPORE 678296', 1.376135743, 103.7712612, 'BUKIT PANJANG');
INSERT INTO TRAIN_STATION VALUES ('31 PETIR ROAD PETIR LRT STATION (BP7) SINGAPORE 678269', 1.377772043, 103.7666458, 'BUKIT PANJANG');
INSERT INTO TRAIN_STATION VALUES ('40 CHOA CHU KANG ROAD PHOENIX LRT STATION (BP5) SINGAPORE 689483', 1.378615451, 103.7579956, 'CHOA CHU KANG');
INSERT INTO TRAIN_STATION VALUES ('31 JURONG WEST STREET 63 PIONEER MRT STATION (EW28) SINGAPORE 648310', 1.337587011, 103.6973216, 'JURONG WEST');
INSERT INTO TRAIN_STATION VALUES ('50 BUKIT PANJANG RING ROAD SEGAR LRT STATION (BP11) SINGAPORE 679940', 1.387785087, 103.7695997, 'BUKIT PANJANG');
INSERT INTO TRAIN_STATION VALUES ('90 BUKIT PANJANG RING ROAD SENJA LRT STATION (BP13) SINGAPORE 679942', 1.382725471, 103.7623443, 'BUKIT PANJANG');
INSERT INTO TRAIN_STATION VALUES ('50 CHOA CHU KANG WAY SOUTH VIEW LRT STATION (BP2) SINGAPORE 688265', 1.380298287, 103.7452918, 'CHOA CHU KANG');
INSERT INTO TRAIN_STATION VALUES ('10 CHOA CHU KANG WAY TECK WHYE LRT STATION (BP4) SINGAPORE 688267', 1.376684679, 103.7537122, 'CHOA CHU KANG');
INSERT INTO TRAIN_STATION VALUES ('90 PIONEER ROAD TUAS CRESCENT MRT STATION (EW31) SINGAPORE 639608', 1.321026956, 103.6490782, 'TUAS');
INSERT INTO TRAIN_STATION VALUES ('20 TUAS WEST DRIVE TUAS LINK MRT STATION (EW33) SINGAPORE 638418', 1.340882425, 103.6369914, 'TUAS');
INSERT INTO TRAIN_STATION VALUES ('131 PIONEER ROAD TUAS WEST ROAD MRT STATION (EW32) SINGAPORE 639609', 1.329985047, 103.6396166, 'TUAS');
INSERT INTO TRAIN_STATION VALUES ('61 CHOA CHU KANG DRIVE YEW TEE MRT STATION (NS5) SINGAPORE 689715', 1.397535069, 103.7443708, 'CHOA CHU KANG');

commit;
--------------------------------------------------------------------------------------------------------------------------------------------------------------

--INSERT INTO TRAIN
-- rollback;

INSERT INTO TRAIN VALUES ('BP1', 'Choa Chu Kang', 'Bukit Panjang LRT', to_date('06/11/1999', 'MM/DD/YYYY'), '15 CHOA CHU KANG AVENUE 4 CHOA CHU KANG LRT STATION (BP1) SINGAPORE 689813');
INSERT INTO TRAIN VALUES ('BP2', 'South View', 'Bukit Panjang LRT', to_date('06/11/1999', 'MM/DD/YYYY'), '50 CHOA CHU KANG WAY SOUTH VIEW LRT STATION (BP2) SINGAPORE 688265');
INSERT INTO TRAIN VALUES ('BP3', 'Keat Hong', 'Bukit Panjang LRT', to_date('06/11/1999', 'MM/DD/YYYY'), '30 CHOA CHU KANG WAY KEAT HONG LRT STATION (BP3) SINGAPORE 688266');
INSERT INTO TRAIN VALUES ('BP4', 'Teck Whye', 'Bukit Panjang LRT', to_date('06/11/1999', 'MM/DD/YYYY'), '10 CHOA CHU KANG WAY TECK WHYE LRT STATION (BP4) SINGAPORE 688267');
INSERT INTO TRAIN VALUES ('BP5', 'Phoenix', 'Bukit Panjang LRT', to_date('06/11/1999', 'MM/DD/YYYY'), '40 CHOA CHU KANG ROAD PHOENIX LRT STATION (BP5) SINGAPORE 689483');
INSERT INTO TRAIN VALUES ('BP6', 'Bukit Panjang', 'Bukit Panjang LRT', TO_DATE('06/11/1999','MM/DD/YYYY'), '11 PETIR ROAD BUKIT PANJANG LRT STATION (BP6) SINGAPORE 678268');
INSERT INTO TRAIN VALUES ('BP7', 'Petir', 'Bukit Panjang LRT', TO_DATE('06/11/1999','MM/DD/YYYY'), '31 PETIR ROAD PETIR LRT STATION (BP7) SINGAPORE 678269');
INSERT INTO TRAIN VALUES ('BP8', 'Pending', 'Bukit Panjang LRT', TO_DATE('06/11/1999','MM/DD/YYYY'), '9 PENDING ROAD PENDING LRT STATION (BP8) SINGAPORE 678296');
INSERT INTO TRAIN VALUES ('BP9', 'Bangkit', 'Bukit Panjang LRT', TO_DATE('06/11/1999','MM/DD/YYYY'), '20 BUKIT PANJANG RING ROAD BANGKIT LRT STATION (BP9) SINGAPORE 679939');
INSERT INTO TRAIN VALUES('BP10', 'Fajar', 'Bukit Panjang LRT', TO_DATE('06/11/1999','MM/DD/YYYY'), '40 FAJAR ROAD FAJAR LRT STATION (BP10) SINGAPORE 679004');
INSERT INTO TRAIN VALUES('BP11', 'Segar', 'Bukit Panjang LRT', TO_DATE('06/11/1999','MM/DD/YYYY'), '50 BUKIT PANJANG RING ROAD SEGAR LRT STATION (BP11) SINGAPORE 679940');
INSERT INTO TRAIN VALUES('BP12', 'Jelapang', 'Bukit Panjang LRT', TO_DATE('06/11/1999','MM/DD/YYYY'), '70 BUKIT PANJANG RING ROAD JELAPANG LRT STATION (BP12) SINGAPORE 679941');
INSERT INTO TRAIN VALUES('BP13', 'Senja', 'Bukit Panjang LRT', TO_DATE('06/11/1999','MM/DD/YYYY'), '90 BUKIT PANJANG RING ROAD SENJA LRT STATION (BP13) SINGAPORE 679942');
INSERT INTO TRAIN VALUES('CC1', 'Dhoby Ghaut', 'Circle Line', TO_DATE('04/17/2010','MM/DD/YYYY'), '13 ORCHARD ROAD DHOBY GHAUT MRT STATION (CC1) SINGAPORE 238893');
INSERT INTO TRAIN VALUES('CC10', 'MacPherson', 'Circle Line', TO_DATE('04/17/2010','MM/DD/YYYY'), '171 PAYA LEBAR ROAD MACPHERSON MRT STATION (CC10) SINGAPORE 409048');
INSERT INTO TRAIN VALUES('CC11', 'Tai Seng', 'Circle Line', TO_DATE('04/17/2010','MM/DD/YYYY'), '33 UPPER PAYA LEBAR ROAD TAI SENG MRT STATION (CC11) SINGAPORE 534803');
INSERT INTO TRAIN VALUES('CC12', 'Bartley', 'Circle Line', TO_DATE('05/28/2009','MM/DD/YYYY'), '90 BARTLEY ROAD BARTLEY MRT STATION (CC12) SINGAPORE 539788');
INSERT INTO TRAIN VALUES('CC13', 'Serangoon', 'Circle Line',TO_DATE('05/28/2009','MM/DD/YYYY'), '21 SERANGOON CENTRAL SERANGOON MRT STATION (CC13) SINGAPORE 556082');
INSERT INTO TRAIN VALUES('CC14', 'Lorong Chuan', 'Circle Line', TO_DATE('05/28/2009','MM/DD/YYYY'), '150 SERANGOON AVENUE 3 LORONG CHUAN MRT STATION (CC14) SINGAPORE 554533');
INSERT INTO TRAIN VALUES('CC15', 'Bishan', 'Circle Line', TO_DATE('05/28/2009','MM/DD/YYYY'), '17 BISHAN PLACE BISHAN MRT STATION (CC15) SINGAPORE 579842');
INSERT INTO TRAIN VALUES('CC16', 'Marymount', 'Circle Line',TO_DATE('05/28/2009','MM/DD/YYYY'), '60 MARYMOUNT ROAD MARYMOUNT MRT STATION (CC16) SINGAPORE 573993');
INSERT INTO TRAIN VALUES('CC17', 'Caldecott', 'Circle Line',TO_DATE('10/08/2011','MM/DD/YYYY'), '38 TOA PAYOH RISE CALDECOTT MRT STATION (CC17) SINGAPORE 298113');
INSERT INTO TRAIN VALUES('CC19', 'Botanic Gardens', 'Circle Line', TO_DATE('10/08/2011','MM/DD/YYYY'), '100 CLUNY PARK ROAD BOTANIC GARDENS MRT STATION (CC19) SINGAPORE 257494');
INSERT INTO TRAIN VALUES('CC2', 'Bras Basah', 'Circle Line', TO_DATE('04/17/2010','MM/DD/YYYY'), '65 BRAS BASAH ROAD BRAS BASAH MRT STATION (CC2) SINGAPORE 189561');
INSERT INTO TRAIN VALUES('CC20', 'Farrer Road', 'Circle Line', TO_DATE('08/10/2011','MM/DD/YYYY'), '71 FARRER ROAD FARRER ROAD MRT STATION (CC20) SINGAPORE 268857');
INSERT INTO TRAIN VALUES('CC21', 'Holland Village', 'Circle Line', TO_DATE('08/10/2011','MM/DD/YYYY'), '200 HOLLAND AVENUE HOLLAND VILLAGE MRT STATION (CC21) SINGAPORE 278995');
INSERT INTO TRAIN VALUES('CC22', 'Buona Vista', 'Circle Line', TO_DATE('08/10/2011','MM/DD/YYYY'), '150 NORTH BUONA VISTA ROAD BUONA VISTA MRT STATION (CC22) SINGAPORE 139350');
INSERT INTO TRAIN VALUES('CC23', 'one-north', 'Circle Line', TO_DATE('08/10/2011','MM/DD/YYYY'), '9 AYER RAJAH AVENUE ONE-NORTH MRT STATION (CC23) SINGAPORE 138647');
INSERT INTO TRAIN VALUES('CC24', 'Kent Ridge', 'Circle Line', TO_DATE('08/10/2011','MM/DD/YYYY'), '301 SOUTH BUONA VISTA ROAD KENT RIDGE MRT STATION (CC24) SINGAPORE 118177');
INSERT INTO TRAIN VALUES('CC25', 'Haw Par Villa', 'Circle Line', TO_DATE('08/10/2011','MM/DD/YYYY'), '270 PASIR PANJANG ROAD HAW PAR VILLA MRT STATION (CC25) SINGAPORE 117396');
INSERT INTO TRAIN VALUES('CC26', 'Pasir Panjang', 'Circle Line', TO_DATE('08/10/2011','MM/DD/YYYY'), '119 PASIR PANJANG ROAD PASIR PANJANG MRT STATION (CC26) SINGAPORE 117424');
INSERT INTO TRAIN VALUES('CC27', 'Labrador Park', 'Circle Line', TO_DATE('08/10/2011','MM/DD/YYYY'), '701 TELOK BLANGAH ROAD LABRADOR PARK MRT STATION (CC27) SINGAPORE 109029');
INSERT INTO TRAIN VALUES('CC28', 'Telok Blangah', 'Circle Line', TO_DATE('08/10/2011','MM/DD/YYYY'), '463 TELOK BLANGAH ROAD TELOK BLANGAH MRT STATION (CC28) SINGAPORE 109028');
INSERT INTO TRAIN VALUES('CC29', 'HarbourFront', 'Circle Line', TO_DATE('08/10/2011','MM/DD/YYYY'), '81 TELOK BLANGAH ROAD HARBOURFRONT MRT STATION (NE1 / CC29) SINGAPORE 098867');
INSERT INTO TRAIN VALUES('CC3', 'Esplanade', 'Circle Line', TO_DATE('04/17/2010','MM/DD/YYYY'), '90 BRAS BASAH ROAD ESPLANADE MRT STATION (CC3) SINGAPORE 189562');
INSERT INTO TRAIN VALUES('CC4', 'Promenade', 'Circle Line', TO_DATE('04/17/2010','MM/DD/YYYY'), '2 TEMASEK AVENUE PROMENADE MRT STATION (CC4) SINGAPORE 039193');
INSERT INTO TRAIN VALUES('CC5', 'Nicoll Highway', 'Circle Line', TO_DATE('04/17/2010','MM/DD/YYYY'), '20 REPUBLIC AVENUE NICOLL HIGHWAY MRT STATION (CC5) SINGAPORE 038970');
INSERT INTO TRAIN VALUES('CC6', 'Stadium', 'Circle Line', TO_DATE('04/17/2010','MM/DD/YYYY'), '3 STADIUM WALK STADIUM MRT STATION (CC6) SINGAPORE 397692');
INSERT INTO TRAIN VALUES('CC7', 'Mountbatten', 'Circle Line', TO_DATE('04/17/2010','MM/DD/YYYY'), '301 MOUNTBATTEN ROAD MOUNTBATTEN MRT STATION (CC7) SINGAPORE 398006');
INSERT INTO TRAIN VALUES('CC8', 'Dakota', 'Circle Line', TO_DATE('04/17/2010','MM/DD/YYYY'), '201 OLD AIRPORT ROAD DAKOTA MRT STATION (CC8) SINGAPORE 397973');
INSERT INTO TRAIN VALUES('CC9', 'Paya Lebar', 'Circle Line', TO_DATE('04/17/2010','MM/DD/YYYY'), '15 PAYA LEBAR ROAD PAYA LEBAR MRT STATION (CC9) SINGAPORE 409049');
INSERT INTO TRAIN VALUES('CE1', 'Bayfront', 'Circle Line Extension', TO_DATE('01/14/2012','MM/DD/YYYY'), '11 BAYFRONT AVENUE BAYFRONT MRT STATION (DT16 / CE1) SINGAPORE 018957');
INSERT INTO TRAIN VALUES('CE2', 'Marina Bay', 'Circle Line Extension', TO_DATE('01/14/2012','MM/DD/YYYY'), '23 PARK STREET MARINA BAY MRT STATION (CE2) SINGAPORE 018926');
INSERT INTO TRAIN VALUES('CG1', 'Expo', 'Changi Airport Branch Line', TO_DATE('01/10/2001','MM/DD/YYYY'), '21 CHANGI SOUTH AVENUE 1 EXPO MRT STATION (CG1) SINGAPORE 486065');
INSERT INTO TRAIN VALUES('CG2', 'Changi Airport', 'Changi Airport Branch Line', TO_DATE('02/08/2002','MM/DD/YYYY'), '70 AIRPORT BOULEVARD CHANGI AIRPORT MRT STATION (CG2) SINGAPORE 819661');
INSERT INTO TRAIN VALUES('DT1', 'Bukit Panjang', 'Downtown Line', TO_DATE('12/27/2015','MM/DD/YYYY'), '950 UPPER BUKIT TIMAH ROAD BUKIT PANJANG MRT STATION (DT1) SINGAPORE 678213');
INSERT INTO TRAIN VALUES('DT10', 'Stevens', 'Downtown Line', TO_DATE('12/27/2015','MM/DD/YYYY'), '92 STEVENS ROAD STEVENS MRT STATION (DT10) SINGAPORE 257877');
INSERT INTO TRAIN VALUES('DT11', 'Newton', 'Downtown Line', TO_DATE('12/27/2015','MM/DD/YYYY'), '235 BUKIT TIMAH ROAD NEWTON MRT STATION (DT11) SINGAPORE 229901');
INSERT INTO TRAIN VALUES('DT12', 'Little India', 'Downtown Line', TO_DATE('12/27/2015','MM/DD/YYYY'), '62 BUKIT TIMAH ROAD LITTLE INDIA MRT STATION (DT12) SINGAPORE 229902');
INSERT INTO TRAIN VALUES('DT13', 'Rochor', 'Downtown Line', TO_DATE('12/27/2015','MM/DD/YYYY'), '11 ROCHOR CANAL ROAD ROCHOR MRT STATION (DT13) SINGAPORE 188505');
INSERT INTO TRAIN VALUES('DT14', 'Bugis', 'Downtown Line', TO_DATE('12/22/2013','MM/DD/YYYY'), '191 ROCHOR ROAD BUGIS MRT STATION (DT14) SINGAPORE 188476');
INSERT INTO TRAIN VALUES('DT15', 'Promenade', 'Downtown Line', TO_DATE('12/22/2013','MM/DD/YYYY'), '10 TEMASEK AVENUE PROMENADE MRT STATION (DT15) SINGAPORE 039194');
INSERT INTO TRAIN VALUES('DT16', 'Bayfront', 'Downtown Line', TO_DATE('12/22/2013','MM/DD/YYYY'), '11 BAYFRONT AVENUE BAYFRONT MRT STATION (DT16 / CE1) SINGAPORE 018957');
INSERT INTO TRAIN VALUES('DT17', 'Downtown', 'Downtown Line', TO_DATE('12/22/2013','MM/DD/YYYY'), '15 CENTRAL BOULEVARD DOWNTOWN MRT STATION (DT17) SINGAPORE 018969');
INSERT INTO TRAIN VALUES('DT18', 'Telok Ayer', 'Downtown Line', TO_DATE('12/22/2013','MM/DD/YYYY'), '7 CROSS STREET TELOK AYER MRT STATION (DT18) SINGAPORE 048416');
INSERT INTO TRAIN VALUES('DT19', 'Chinatown', 'Downtown Line', TO_DATE('12/22/2013','MM/DD/YYYY'), '91 UPPER CROSS STREET CHINATOWN MRT STATION (DT19) SINGAPORE 058362');
INSERT INTO TRAIN VALUES('DT2', 'Cashew', 'Downtown Line', TO_DATE('12/27/2015','MM/DD/YYYY'), '1 CASHEW ROAD CASHEW MRT STATION (DT2) SINGAPORE 679696');
INSERT INTO TRAIN VALUES('DT20', 'Fort Canning', 'Downtown Line', TO_DATE('10/21/2017','MM/DD/YYYY'), '170 RIVER VALLEY ROAD FORT CANNING MRT STATION (DT20) SINGAPORE 179038');
INSERT INTO TRAIN VALUES('DT21', 'Bencoolen', 'Downtown Line', TO_DATE('10/21/2017','MM/DD/YYYY'), '31 BENCOOLEN STREET BENCOOLEN MRT STATION (DT21) SINGAPORE 189658');
INSERT INTO TRAIN VALUES('DT22', 'Jalan Besar', 'Downtown Line', TO_DATE('10/21/2017','MM/DD/YYYY'), '90 JALAN BESAR JALAN BESAR MRT STATION (DT22) SINGAPORE 208826');
INSERT INTO TRAIN VALUES('DT23', 'Bendemeer', 'Downtown Line', TO_DATE('10/21/2017','MM/DD/YYYY'), '11 KALLANG BAHRU BENDEMEER MRT STATION (DT23) SINGAPORE 339356');
INSERT INTO TRAIN VALUES('DT24', 'Geylang Bahru', 'Downtown Line', TO_DATE('10/21/2017','MM/DD/YYYY'), '541 KALLANG BAHRU GEYLANG BAHRU MRT STATION (DT24) SINGAPORE 339355');
INSERT INTO TRAIN VALUES('DT25', 'Mattar', 'Downtown Line', TO_DATE('10/21/2017','MM/DD/YYYY'), '60 MERPATI ROAD MATTAR MRT STATION (DT25) SINGAPORE 379314');
INSERT INTO TRAIN VALUES('DT26', 'MacPherson', 'Downtown Line', TO_DATE('10/21/2017','MM/DD/YYYY'), '10 CIRCUIT LINK MACPHERSON MRT STATION (DT26) SINGAPORE 378956');
INSERT INTO TRAIN VALUES('DT27', 'Ubi', 'Downtown Line', TO_DATE('10/21/2017','MM/DD/YYYY'), '51 UBI AVENUE 2 UBI MRT STATION (DT27) SINGAPORE 408899');
INSERT INTO TRAIN VALUES('DT28', 'Kaki Bukit', 'Downtown Line', TO_DATE('10/21/2017','MM/DD/YYYY'), '30 KAKI BUKIT AVENUE 1 KAKI BUKIT MRT STATION (DT28) SINGAPORE 415804');
INSERT INTO TRAIN VALUES('DT29', 'Bedok North', 'Downtown Line', TO_DATE('10/21/2017','MM/DD/YYYY'), '651 BEDOK NORTH ROAD BEDOK NORTH MRT STATION (DT29) SINGAPORE 479481');
INSERT INTO TRAIN VALUES('DT3', 'Hillview', 'Downtown Line', TO_DATE('12/27/2015','MM/DD/YYYY'), '510 UPPER BUKIT TIMAH ROAD HILLVIEW MRT STATION (DT3) SINGAPORE 678211');
INSERT INTO TRAIN VALUES('DT30', 'Bedok Reservoir', 'Downtown Line', TO_DATE('10/21/2017','MM/DD/YYYY'), '371 BEDOK NORTH AVENUE 3 BEDOK RESERVOIR MRT STATION (DT30) SINGAPORE 469724');
INSERT INTO TRAIN VALUES('DT31', 'Tampines West', 'Downtown Line', TO_DATE('10/21/2017','MM/DD/YYYY'), '2 TAMPINES AVENUE 4 TAMPINES WEST MRT STATION (DT31) SINGAPORE 529683');
INSERT INTO TRAIN VALUES('DT32', 'Tampines', 'Downtown Line', TO_DATE('10/21/2017','MM/DD/YYYY'), '15 TAMPINES CENTRAL 1 TAMPINES MRT STATION (DT32) SINGAPORE 529544');
INSERT INTO TRAIN VALUES('DT33', 'Tampines East', 'Downtown Line', TO_DATE('10/21/2017','MM/DD/YYYY'), '20 TAMPINES AVENUE 7 TAMPINES EAST MRT STATION (DT33) SINGAPORE 529623');
INSERT INTO TRAIN VALUES('DT34', 'Upper Changi', 'Downtown Line', TO_DATE('10/21/2017','MM/DD/YYYY'), '690 UPPER CHANGI ROAD EAST UPPER CHANGI MRT STATION (DT34) SINGAPORE 485990');
INSERT INTO TRAIN VALUES('DT35', 'Expo', 'Downtown Line', TO_DATE('10/21/2017','MM/DD/YYYY'), '2 EXPO DRIVE EXPO MRT STATION (DT35) SINGAPORE 485985');
INSERT INTO TRAIN VALUES('DT5', 'Beauty World', 'Downtown Line', TO_DATE('12/27/2015','MM/DD/YYYY'), '101 UPPER BUKIT TIMAH ROAD BEAUTY WORLD MRT STATION (DT5) SINGAPORE 588216');
INSERT INTO TRAIN VALUES('DT6', 'King Albert Park', 'Downtown Line', TO_DATE('12/27/2015','MM/DD/YYYY'), '2 BLACKMORE DRIVE KING ALBERT PARK MRT STATION (DT6) SINGAPORE 599987');
INSERT INTO TRAIN VALUES('DT7', 'Sixth Avenue', 'Downtown Line', TO_DATE('12/27/2015','MM/DD/YYYY'), '777 BUKIT TIMAH ROAD SIXTH AVENUE MRT STATION (DT7) SINGAPORE 269784');
INSERT INTO TRAIN VALUES('DT8', 'Tan Kah Kee', 'Downtown Line', TO_DATE('12/27/2015','MM/DD/YYYY'), '651 BUKIT TIMAH ROAD TAN KAH KEE MRT STATION (DT8) SINGAPORE 266268');
INSERT INTO TRAIN VALUES('DT9', 'Botanic Gardens', 'Downtown Line', TO_DATE('12/27/2015','MM/DD/YYYY'), '491 BUKIT TIMAH ROAD BOTANIC GARDENS MRT STATION (DT9) SINGAPORE 259777');
INSERT INTO TRAIN VALUES('EW1', 'Pasir Ris', 'East-West Line', TO_DATE('12/16/1989','MM/DD/YYYY'), '10 PASIR RIS CENTRAL PASIR RIS MRT STATION (EW1) SINGAPORE 519634');
INSERT INTO TRAIN VALUES('EW10', 'Kallang', 'East-West Line', TO_DATE('11/04/1989','MM/DD/YYYY'), '5 SIMS AVENUE KALLANG MRT STATION (EW10) SINGAPORE 387405');
INSERT INTO TRAIN VALUES('EW11', 'Lavender', 'East-West Line', TO_DATE('11/04/1989','MM/DD/YYYY'), '50 KALLANG ROAD LAVENDER MRT STATION (EW11) SINGAPORE 208699');
INSERT INTO TRAIN VALUES('EW12', 'Bugis', 'East-West Line', TO_DATE('11/04/1989','MM/DD/YYYY'), '220 VICTORIA STREET BUGIS MRT STATION (EW12) SINGAPORE 188022');
INSERT INTO TRAIN VALUES('EW13', 'City Hall', 'East-West Line', TO_DATE('12/12/1987','MM/DD/YYYY'), '150 NORTH BRIDGE ROAD CITY HALL MRT STATION (EW13 / NS25) SINGAPORE 179100');
INSERT INTO TRAIN VALUES('EW14', 'Raffles Place', 'East-West Line', TO_DATE('12/12/1987','MM/DD/YYYY'), '5 RAFFLES PLACE RAFFLES PLACE MRT STATION (EW14 / NS26) SINGAPORE 048618');
INSERT INTO TRAIN VALUES('EW15', 'Tanjong Pagar', 'East-West Line', TO_DATE('12/12/1987','MM/DD/YYYY'), '120 MAXWELL ROAD TANJONG PAGAR MRT STATION (EW15) SINGAPORE 069119');
INSERT INTO TRAIN VALUES('EW16', 'Outram Park', 'East-West Line', TO_DATE('12/12/1987','MM/DD/YYYY'), '10 OUTRAM ROAD OUTRAM PARK MRT STATION (EW16) SINGAPORE 169037');
INSERT INTO TRAIN VALUES('EW17', 'Tiong Bahru', 'East-West Line', TO_DATE('03/12/1988','MM/DD/YYYY'), '300 TIONG BAHRU ROAD TIONG BAHRU MRT STATION (EW17) SINGAPORE 168731');
INSERT INTO TRAIN VALUES('EW18', 'Redhill', 'East-West Line', TO_DATE('03/12/1988','MM/DD/YYYY'), '920 TIONG BAHRU ROAD REDHILL MRT STATION (EW18) SINGAPORE 158792');
INSERT INTO TRAIN VALUES('EW19', 'Queenstown', 'East-West Line', TO_DATE('03/12/1988','MM/DD/YYYY'), '301 COMMONWEALTH AVENUE QUEENSTOWN MRT STATION (EW19) SINGAPORE 149729');
INSERT INTO TRAIN VALUES('EW2', 'Tampines', 'East-West Line', TO_DATE('12/16/1989','MM/DD/YYYY'), '20 TAMPINES CENTRAL 1 TAMPINES MRT STATION (EW2) SINGAPORE 529538');
INSERT INTO TRAIN VALUES('EW20', 'Commonwealth', 'East-West Line', TO_DATE('03/12/1988','MM/DD/YYYY'), '375 COMMONWEALTH AVENUE COMMONWEALTH MRT STATION (EW20) SINGAPORE 149735');
INSERT INTO TRAIN VALUES('EW21', 'Buona Vista', 'East-West Line', TO_DATE('03/12/1988','MM/DD/YYYY'), '100 NORTH BUONA VISTA ROAD BUONA VISTA MRT STATION (EW21) SINGAPORE 139345');
INSERT INTO TRAIN VALUES('EW22', 'Dover', 'East-West Line', TO_DATE('10/18/2001','MM/DD/YYYY'), '200 COMMONWEALTH AVENUE WEST DOVER MRT STATION (EW22) SINGAPORE 138677');
INSERT INTO TRAIN VALUES('EW23', 'Clementi', 'East-West Line', TO_DATE('03/12/1988','MM/DD/YYYY'), '3150 COMMONWEALTH AVENUE WEST CLEMENTI MRT STATION (EW23) SINGAPORE 129580');
INSERT INTO TRAIN VALUES('EW24', 'Jurong East', 'East-West Line', TO_DATE('11/05/1988','MM/DD/YYYY'), '10 JURONG EAST STREET 12 JURONG EAST MRT STATION (EW24 / NS1) SINGAPORE 609690');
INSERT INTO TRAIN VALUES('EW25', 'Chinese Garden', 'East-West Line', TO_DATE('11/05/1988','MM/DD/YYYY'), '151 BOON LAY WAY CHINESE GARDEN MRT STATION (EW25) SINGAPORE 609959');
INSERT INTO TRAIN VALUES('EW26', 'Lakeside', 'East-West Line', TO_DATE('11/05/1988','MM/DD/YYYY'), '201 BOON LAY WAY LAKESIDE MRT STATION (EW26) SINGAPORE 649845');
INSERT INTO TRAIN VALUES('EW27', 'Boon Lay', 'East-West Line', TO_DATE('07/06/1990','MM/DD/YYYY'), '301 BOON LAY WAY BOON LAY MRT STATION (EW27) SINGAPORE 649846');
INSERT INTO TRAIN VALUES('EW28', 'Pioneer', 'East-West Line', TO_DATE('02/28/2009','MM/DD/YYYY'), '31 JURONG WEST STREET 63 PIONEER MRT STATION (EW28) SINGAPORE 648310');
INSERT INTO TRAIN VALUES('EW29', 'Joo Koon', 'East-West Line', TO_DATE('02/28/2009','MM/DD/YYYY'), '91 JOO KOON CIRCLE JOO KOON MRT STATION (EW29) SINGAPORE 629116');
INSERT INTO TRAIN VALUES('EW3', 'Simei', 'East-West Line', TO_DATE('12/16/1989','MM/DD/YYYY'), '30 SIMEI STREET 3 SIMEI MRT STATION (EW3) SINGAPORE 529888');
INSERT INTO TRAIN VALUES('EW30', 'Gul Circle', 'East-West Line', TO_DATE('06/18/2017','MM/DD/YYYY'), '7A TUAS ROAD GUL CIRCLE MRT STATION (EW30) SINGAPORE 637288');
INSERT INTO TRAIN VALUES('EW31', 'Tuas Crescent', 'East-West Line', TO_DATE('06/18/2017','MM/DD/YYYY'), '90 PIONEER ROAD TUAS CRESCENT MRT STATION (EW31) SINGAPORE 639608');
INSERT INTO TRAIN VALUES('EW32', 'Tuas West Road', 'East-West Line', TO_DATE('06/18/2017','MM/DD/YYYY'), '131 PIONEER ROAD TUAS WEST ROAD MRT STATION (EW32) SINGAPORE 639609');
INSERT INTO TRAIN VALUES('EW33', 'Tuas Link', 'East-West Line', TO_DATE('06/18/2017','MM/DD/YYYY'), '20 TUAS WEST DRIVE TUAS LINK MRT STATION (EW33) SINGAPORE 638418');
INSERT INTO TRAIN VALUES('EW4', 'Tanah Merah', 'East-West Line', TO_DATE('11/04/1989','MM/DD/YYYY'), '920 NEW UPPER CHANGI ROAD TANAH MERAH MRT STATION (EW4) SINGAPORE 467356');
INSERT INTO TRAIN VALUES('EW5', 'Bedok', 'East-West Line', TO_DATE('11/04/1989','MM/DD/YYYY'), '315 NEW UPPER CHANGI ROAD BEDOK MRT STATION (EW5) SINGAPORE 467347');
INSERT INTO TRAIN VALUES('EW6', 'Kembangan', 'East-West Line', TO_DATE('11/04/1989','MM/DD/YYYY'), '55 SIMS AVENUE EAST KEMBANGAN MRT STATION (EW6) SINGAPORE 416551');
INSERT INTO TRAIN VALUES('EW7', 'Eunos', 'East-West Line', TO_DATE('11/04/1989','MM/DD/YYYY'), '30 EUNOS CRESCENT EUNOS MRT STATION (EW7) SINGAPORE 409423');
INSERT INTO TRAIN VALUES('EW8', 'Paya Lebar', 'East-West Line', TO_DATE('11/04/1989','MM/DD/YYYY'), '30 PAYA LEBAR ROAD PAYA LEBAR MRT STATION (EW8) SINGAPORE 409006');
INSERT INTO TRAIN VALUES('EW9', 'Aljunied', 'East-West Line', TO_DATE('11/04/1989','MM/DD/YYYY'), '81 LORONG 25 GEYLANG ALJUNIED MRT STATION (EW9) SINGAPORE 388310');
INSERT INTO TRAIN VALUES('NE1', 'HarbourFront', 'North East Line', TO_DATE('06/20/2003','MM/DD/YYYY'), '81 TELOK BLANGAH ROAD HARBOURFRONT MRT STATION (NE1 / CC29) SINGAPORE 098867');
INSERT INTO TRAIN VALUES('NE10', 'Potong Pasir', 'North East Line', TO_DATE('06/20/2003','MM/DD/YYYY'), '55 UPPER SERANGOON ROAD POTONG PASIR MRT STATION (NE10) SINGAPORE 347694');
INSERT INTO TRAIN VALUES('NE11', 'Woodleigh', 'North East Line', TO_DATE('06/20/2011','MM/DD/YYYY'), '400 UPPER SERANGOON ROAD WOODLEIGH MRT STATION (NE11) SINGAPORE 347695');
INSERT INTO TRAIN VALUES('NE12', 'Serangoon', 'North East Line', TO_DATE('06/20/2003','MM/DD/YYYY'), '600 UPPER SERANGOON ROAD SERANGOON MRT STATION (NE12) SINGAPORE 534801');
INSERT INTO TRAIN VALUES('NE13', 'Kovan', 'North East Line', TO_DATE('06/20/2003','MM/DD/YYYY'), '900 UPPER SERANGOON ROAD KOVAN MRT STATION (NE13) SINGAPORE 534799');
INSERT INTO TRAIN VALUES('NE14', 'Hougang', 'North East Line', TO_DATE('06/20/2003','MM/DD/YYYY'), '80 HOUGANG CENTRAL HOUGANG MRT STATION (NE14) SINGAPORE 538758');
INSERT INTO TRAIN VALUES('NE15', 'Buangkok', 'North East Line', TO_DATE('01/15/2006','MM/DD/YYYY'), '10 SENGKANG CENTRAL BUANGKOK MRT STATION (NE15) SINGAPORE 545061');
INSERT INTO TRAIN VALUES('NE16', 'Sengkang', 'North East Line', TO_DATE('06/20/2003','MM/DD/YYYY'), '5 SENGKANG SQUARE SENGKANG MRT STATION (NE16) SINGAPORE 545062');
INSERT INTO TRAIN VALUES('NE17', 'Punggol', 'North East Line', TO_DATE('06/20/2003','MM/DD/YYYY'), '70 PUNGGOL CENTRAL PUNGGOL MRT STATION (NE17) SINGAPORE 828868');
INSERT INTO TRAIN VALUES('NE18', 'Punggol Coast', 'North East Line', TO_DATE('12/10/2024','MM/DD/YYYY'), '101 NEW PUNGGOL ROAD PUNGGOL COAST MRT STATION (NE18) SINGAPORE 828604');
INSERT INTO TRAIN VALUES('NE3', 'Outram Park', 'North East Line', TO_DATE('06/20/2003','MM/DD/YYYY'), '300 EU TONG SEN STREET OUTRAM PARK MRT STATION (NE3) SINGAPORE 059816');
INSERT INTO TRAIN VALUES('NE4', 'Chinatown', 'North East Line', TO_DATE('06/20/2003','MM/DD/YYYY'), '151 NEW BRIDGE ROAD CHINATOWN MRT STATION (NE4) SINGAPORE 059443');
INSERT INTO TRAIN VALUES('NE5', 'Clarke Quay', 'North East Line', TO_DATE('06/20/2003','MM/DD/YYYY'), '10 EU TONG SEN STREET CLARKE QUAY MRT STATION (NE5) SINGAPORE 059815');
INSERT INTO TRAIN VALUES('NE6', 'Dhoby Ghaut', 'North East Line', TO_DATE('06/20/2003','MM/DD/YYYY'), '60 ORCHARD ROAD DHOBY GHAUT MRT STATION (NE6) SINGAPORE 238889');
INSERT INTO TRAIN VALUES('NE7', 'Little India', 'North East Line', TO_DATE('06/20/2003','MM/DD/YYYY'), '60 BUKIT TIMAH ROAD LITTLE INDIA MRT STATION (NE7) SINGAPORE 229900');
INSERT INTO TRAIN VALUES('NE8', 'Farrer Park', 'North East Line', TO_DATE('06/20/2003','MM/DD/YYYY'), '250 RACE COURSE ROAD FARRER PARK MRT STATION (NE8) SINGAPORE 218703');
INSERT INTO TRAIN VALUES('NE9', 'Boon Keng', 'North East Line', TO_DATE('06/20/2003','MM/DD/YYYY'), '900 SERANGOON ROAD BOON KENG MRT STATION (NE9) SINGAPORE 328260');
INSERT INTO TRAIN VALUES('NS1', 'Jurong East', 'North-South Line', TO_DATE('03/10/1990','MM/DD/YYYY'), '10 JURONG EAST STREET 12 JURONG EAST MRT STATION (EW24 / NS1) SINGAPORE 609690');
INSERT INTO TRAIN VALUES('NS10', 'Admiralty', 'North-South Line', TO_DATE('02/10/1996','MM/DD/YYYY'), '70 WOODLANDS AVENUE 7 ADMIRALTY MRT STATION (NS10) SINGAPORE 738344');
INSERT INTO TRAIN VALUES('NS11', 'Sembawang', 'North-South Line', TO_DATE('02/10/1996','MM/DD/YYYY'), '11 CANBERRA ROAD SEMBAWANG MRT STATION (NS11) SINGAPORE 759775');
INSERT INTO TRAIN VALUES('NS12', 'Canberra', 'North-South Line', TO_DATE('11/02/2019','MM/DD/YYYY'), '11 CANBERRA LINK CANBERRA MRT STATION (NS12) SINGAPORE 756972');
INSERT INTO TRAIN VALUES('NS13', 'Yishun', 'North-South Line', TO_DATE('12/20/1988','MM/DD/YYYY'), '301 YISHUN AVENUE 2 YISHUN MRT STATION (NS13) SINGAPORE 769093');
INSERT INTO TRAIN VALUES('NS14', 'Khatib', 'North-South Line', TO_DATE('12/20/1988','MM/DD/YYYY'), '201 YISHUN AVENUE 2 KHATIB MRT STATION (NS14) SINGAPORE 769092');
INSERT INTO TRAIN VALUES('NS15', 'Yio Chu Kang', 'North-South Line', TO_DATE('11/07/1987','MM/DD/YYYY'), '3000 ANG MO KIO AVENUE 8 YIO CHU KANG MRT STATION (NS15) SINGAPORE 569813');
INSERT INTO TRAIN VALUES('NS16', 'Ang Mo Kio', 'North-South Line', TO_DATE('11/07/1987','MM/DD/YYYY'), '2795 ANG MO KIO AVENUE 8 ANG MO KIO MRT STATION (NS16) SINGAPORE 569812');
INSERT INTO TRAIN VALUES('NS17', 'Bishan', 'North-South Line', TO_DATE('11/07/1987','MM/DD/YYYY'), '200 BISHAN ROAD BISHAN MRT STATION (NS17) SINGAPORE 579827');
INSERT INTO TRAIN VALUES('NS18', 'Braddell', 'North-South Line', TO_DATE('11/07/1987','MM/DD/YYYY'), '377 LORONG 1 TOA PAYOH BRADDELL MRT STATION (NS18) SINGAPORE 319756');
INSERT INTO TRAIN VALUES('NS19', 'Toa Payoh', 'North-South Line', TO_DATE('11/07/1987','MM/DD/YYYY'), '510 LORONG 6 TOA PAYOH TOA PAYOH MRT STATION (NS19) SINGAPORE 319398');
INSERT INTO TRAIN VALUES('NS2', 'Bukit Batok', 'North-South Line', TO_DATE('03/10/1990','MM/DD/YYYY'), '10 BUKIT BATOK CENTRAL BUKIT BATOK MRT STATION (NS2) SINGAPORE 659958');
INSERT INTO TRAIN VALUES('NS20', 'Novena', 'North-South Line', TO_DATE('12/12/1987','MM/DD/YYYY'), '250 THOMSON ROAD NOVENA MRT STATION (NS20) SINGAPORE 307642');
INSERT INTO TRAIN VALUES('NS21', 'Newton', 'North-South Line', TO_DATE('12/12/1987','MM/DD/YYYY'), '49 SCOTTS ROAD NEWTON MRT STATION (NS21) SINGAPORE 228234');
INSERT INTO TRAIN VALUES('NS22', 'Orchard', 'North-South Line', TO_DATE('12/12/1987','MM/DD/YYYY'), '437 ORCHARD ROAD ORCHARD MRT STATION (NS22) SINGAPORE 238878');
INSERT INTO TRAIN VALUES('NS23', 'Somerset', 'North-South Line', TO_DATE('12/12/1987','MM/DD/YYYY'), '1 SOMERSET ROAD SOMERSET MRT STATION (NS23) SINGAPORE 238162');
INSERT INTO TRAIN VALUES('NS24', 'Dhoby Ghaut', 'North-South Line', TO_DATE('12/12/1987','MM/DD/YYYY'), '11 ORCHARD ROAD DHOBY GHAUT MRT STATION (NS24) SINGAPORE 238826');
INSERT INTO TRAIN VALUES('NS25', 'City Hall', 'North-South Line', TO_DATE('12/12/1987','MM/DD/YYYY'), '150 NORTH BRIDGE ROAD CITY HALL MRT STATION (EW13 / NS25) SINGAPORE 179100');
INSERT INTO TRAIN VALUES('NS26', 'Raffles Place', 'North-South Line', TO_DATE('12/12/1987','MM/DD/YYYY'), '5 RAFFLES PLACE RAFFLES PLACE MRT STATION (EW14 / NS26) SINGAPORE 048618');
INSERT INTO TRAIN VALUES('NS27', 'Marina Bay', 'North-South Line', TO_DATE('11/04/1989','MM/DD/YYYY'), '21 PARK STREET MARINA BAY MRT STATION (NS27) SINGAPORE 018925');
INSERT INTO TRAIN VALUES('NS28', 'Marina South Pier', 'North-South Line', TO_DATE('11/23/2014','MM/DD/YYYY'), '33 MARINA COASTAL DRIVE MARINA SOUTH PIER MRT STATION (NS28) SINGAPORE 018948');
INSERT INTO TRAIN VALUES('NS3', 'Bukit Gombak', 'North-South Line', TO_DATE('03/10/1990','MM/DD/YYYY'), '802 BUKIT BATOK WEST AVENUE 5 BUKIT GOMBAK MRT STATION (NS3) SINGAPORE 659083');
INSERT INTO TRAIN VALUES('NS4', 'Choa Chu Kang', 'North-South Line', TO_DATE('03/10/1990','MM/DD/YYYY'), '10 CHOA CHU KANG AVENUE 4 CHOA CHU KANG MRT STATION (NS4) SINGAPORE 689810');
INSERT INTO TRAIN VALUES('NS5', 'Yew Tee', 'North-South Line', TO_DATE('02/10/1996','MM/DD/YYYY'), '61 CHOA CHU KANG DRIVE YEW TEE MRT STATION (NS5) SINGAPORE 689715');
INSERT INTO TRAIN VALUES('NS7', 'Kranji', 'North-South Line', TO_DATE('02/10/1996','MM/DD/YYYY'), '960 WOODLANDS ROAD KRANJI MRT STATION (NS7) SINGAPORE 738702');
INSERT INTO TRAIN VALUES('NS8', 'Marsiling', 'North-South Line', TO_DATE('02/10/1996','MM/DD/YYYY'), '71 WOODLANDS AVENUE 3 MARSILING MRT STATION (NS8) SINGAPORE 739044');
INSERT INTO TRAIN VALUES('NS9', 'Woodlands', 'North-South Line', TO_DATE('02/10/1996','MM/DD/YYYY'), '30 WOODLANDS AVENUE 2 WOODLANDS MRT STATION (NS9) SINGAPORE 738343');
INSERT INTO TRAIN VALUES('PE1', 'Cove', 'Punggol LRT', TO_DATE('01/29/2005','MM/DD/YYYY'), '50 PUNGGOL FIELD COVE LRT STATION (PE1) SINGAPORE 828858');
INSERT INTO TRAIN VALUES('PE2', 'Meridian', 'Punggol LRT', TO_DATE('01/29/2005','MM/DD/YYYY'), '60 PUNGGOL FIELD MERIDIAN LRT STATION (PE2) SINGAPORE 828857');
INSERT INTO TRAIN VALUES('PE3', 'Coral Edge', 'Punggol LRT', TO_DATE('01/29/2005','MM/DD/YYYY'), '70 PUNGGOL FIELD CORAL EDGE LRT STATION (PE3) SINGAPORE 828856');
INSERT INTO TRAIN VALUES('PE4', 'Riviera', 'Punggol LRT', TO_DATE('01/29/2005','MM/DD/YYYY'), '40 PUNGGOL EAST RIVIERA LRT STATION (PE4) SINGAPORE 828852');
INSERT INTO TRAIN VALUES('PE5', 'Kadaloor', 'Punggol LRT', TO_DATE('01/29/2005','MM/DD/YYYY'), '60 PUNGGOL DRIVE KADALOOR LRT STATION (PE5) SINGAPORE 828853');
INSERT INTO TRAIN VALUES('PE6', 'Oasis', 'Punggol LRT', TO_DATE('06/15/2007','MM/DD/YYYY'), '50 PUNGGOL DRIVE OASIS LRT STATION (PE6) SINGAPORE 828854');
INSERT INTO TRAIN VALUES('PE7', 'Damai', 'Punggol LRT', TO_DATE('06/20/2011','MM/DD/YYYY'), '40 PUNGGOL DRIVE DAMAI LRT STATION (PE7) SINGAPORE 828855');
INSERT INTO TRAIN VALUES('PTC', 'Punggol', 'Punggol LRT', TO_DATE('01/29/2005','MM/DD/YYYY'), '70 PUNGGOL CENTRAL PUNGGOL LRT STATION (PTC) SINGAPORE 828868');
INSERT INTO TRAIN VALUES('PW1', 'Sam Kee', 'Punggol LRT', TO_DATE('02/29/2016','MM/DD/YYYY'), '10 SENTUL CRESCENT SAM KEE LRT STATION (PW1) SINGAPORE 828851');
INSERT INTO TRAIN VALUES('PW3', 'Punggol Point', 'Punggol LRT', TO_DATE('12/29/2016','MM/DD/YYYY'), '81 PUNGGOL WAY PUNGGOL POINT LRT STATION (PW3) SINGAPORE 828644');
INSERT INTO TRAIN VALUES('PW4', 'Samudera', 'Punggol LRT', TO_DATE('03/31/2017','MM/DD/YYYY'), '61 PUNGGOL WAY SAMUDERA LRT STATION (PW4) SINGAPORE 828645');
INSERT INTO TRAIN VALUES('PW5', 'Nibong', 'Punggol LRT', TO_DATE('06/29/2014','MM/DD/YYYY'), '41 PUNGGOL WAY NIBONG LRT STATION (PW5) SINGAPORE 828862');
INSERT INTO TRAIN VALUES('PW6', 'Sumang', 'Punggol LRT', TO_DATE('06/29/2014','MM/DD/YYYY'), '31 PUNGGOL WAY SUMANG LRT STATION (PW6) SINGAPORE 828863');
INSERT INTO TRAIN VALUES('PW7', 'Soo Teck', 'Punggol LRT', TO_DATE('06/29/2014','MM/DD/YYYY'), '21 PUNGGOL WAY SOO TECK LRT STATION (PW7) SINGAPORE 828864');
INSERT INTO TRAIN VALUES('SE1', 'Compassvale', 'Sengkang LRT', TO_DATE('01/18/2003','MM/DD/YYYY'), '10 COMPASSVALE STREET COMPASSVALE LRT STATION (SE1) SINGAPORE 545055');
INSERT INTO TRAIN VALUES('SE2', 'Rumbia', 'Sengkang LRT', TO_DATE('01/18/2003','MM/DD/YYYY'), '70 RIVERVALE DRIVE RUMBIA LRT STATION (SE2) SINGAPORE 545054');
INSERT INTO TRAIN VALUES('SE3', 'Bakau', 'Sengkang LRT', TO_DATE('01/18/2003','MM/DD/YYYY'), '50 RIVERVALE DRIVE BAKAU LRT STATION (SE3) SINGAPORE 545053');
INSERT INTO TRAIN VALUES('SE4', 'Kangkar', 'Sengkang LRT', TO_DATE('01/18/2003','MM/DD/YYYY'), '20 RIVERVALE DRIVE KANGKAR LRT STATION (SE4) SINGAPORE 545052');
INSERT INTO TRAIN VALUES('SE5', 'Ranggung', 'Sengkang LRT', TO_DATE('01/18/2003','MM/DD/YYYY'), '30 SENGKANG EAST AVENUE RANGGUNG LRT STATION (SE5) SINGAPORE 545046');
INSERT INTO TRAIN VALUES('STC', 'Sengkang', 'Sengkang LRT', TO_DATE('01/18/2003','MM/DD/YYYY'), '5 SENGKANG SQUARE SENGKANG LRT STATION (STC) SINGAPORE 545062');
INSERT INTO TRAIN VALUES('SW1', 'Cheng Lim', 'Sengkang LRT', TO_DATE('01/01/2013','MM/DD/YYYY'), '5 ANCHORVALE STREET CHENG LIM LRT STATION (SW1) SINGAPORE 545047');
INSERT INTO TRAIN VALUES('SW2', 'Farmway', 'Sengkang LRT', TO_DATE('11/15/2007','MM/DD/YYYY'), '35 ANCHORVALE STREET FARMWAY LRT STATION (SW2) SINGAPORE 545048');
INSERT INTO TRAIN VALUES('SW3', 'Kupang', 'Sengkang LRT', TO_DATE('06/27/2015','MM/DD/YYYY'), '60 FERNVALE STREET KUPANG LRT STATION (SW3) SINGAPORE 797697');
INSERT INTO TRAIN VALUES('SW4', 'Thanggam', 'Sengkang LRT', TO_DATE('01/29/2005','MM/DD/YYYY'), '40 FERNVALE ROAD THANGGAM LRT STATION (SW4) SINGAPORE 797699');
INSERT INTO TRAIN VALUES('SW5', 'Fernvale', 'Sengkang LRT', TO_DATE('01/29/2005','MM/DD/YYYY'), '10 FERNVALE ROAD FERNVALE LRT STATION (SW5) SINGAPORE 797698');
INSERT INTO TRAIN VALUES('SW6', 'Layar', 'Sengkang LRT', TO_DATE('01/29/2005','MM/DD/YYYY'), '11 SENGKANG WEST AVENUE LAYAR LRT STATION (SW6) SINGAPORE 797700');
INSERT INTO TRAIN VALUES('SW7', 'Tongkang', 'Sengkang LRT', TO_DATE('01/29/2005','MM/DD/YYYY'), '80 SENGKANG EAST AVENUE TONGKANG LRT STATION (SW7) SINGAPORE 545050');
INSERT INTO TRAIN VALUES('SW8', 'Renjong', 'Sengkang LRT', TO_DATE('01/29/2005','MM/DD/YYYY'), '60 SENGKANG EAST AVENUE RENJONG LRT STATION (SW8) SINGAPORE 545049');
INSERT INTO TRAIN VALUES('TE1', 'Woodlands North', 'Thomson-East Coast Line', TO_DATE('01/31/2020','MM/DD/YYYY'), '20 WOODLANDS NORTH COAST ROAD WOODLANDS NORTH MRT STATION (TE1) SINGAPORE 737668');
INSERT INTO TRAIN VALUES('TE11', 'Stevens', 'Thomson-East Coast Line', TO_DATE('11/13/2022','MM/DD/YYYY'), '82 STEVENS ROAD STEVENS MRT STATION (TE11) SINGAPORE 257879');
INSERT INTO TRAIN VALUES('TE12', 'Napier', 'Thomson-East Coast Line', TO_DATE('11/13/2022','MM/DD/YYYY'), '2 NAPIER ROAD NAPIER MRT STATION (TE12) SINGAPORE 258511');
INSERT INTO TRAIN VALUES('TE13', 'Orchard Boulevard', 'Thomson-East Coast Line', TO_DATE('11/13/2022','MM/DD/YYYY'), '20 ORCHARD BOULEVARD ORCHARD BOULEVARD MRT STATION (TE13) SINGAPORE 248654');
INSERT INTO TRAIN VALUES('TE14', 'Orchard', 'Thomson-East Coast Line', TO_DATE('11/13/2022','MM/DD/YYYY'), '301 ORCHARD BOULEVARD ORCHARD MRT STATION (TE14) SINGAPORE 237974');
INSERT INTO TRAIN VALUES('TE15', 'Great World', 'Thomson-East Coast Line', TO_DATE('11/13/2022','MM/DD/YYYY'), '351 RIVER VALLEY ROAD GREAT WORLD MRT STATION (TE15) SINGAPORE 238384');
INSERT INTO TRAIN VALUES('TE16', 'Havelock', 'Thomson-East Coast Line', TO_DATE('11/13/2022','MM/DD/YYYY'), '110 ZION ROAD HAVELOCK MRT STATION (TE16) SINGAPORE 168604');
INSERT INTO TRAIN VALUES('TE17', 'Outram Park', 'Thomson-East Coast Line', TO_DATE('11/13/2022','MM/DD/YYYY'), '13 OUTRAM ROAD OUTRAM PARK MRT STATION (TE17) SINGAPORE 169080');
INSERT INTO TRAIN VALUES('TE18', 'Maxwell', 'Thomson-East Coast Line', TO_DATE('11/13/2022','MM/DD/YYYY'), '321 SOUTH BRIDGE ROAD MAXWELL MRT STATION (TE18) SINGAPORE 058841');
INSERT INTO TRAIN VALUES('TE19', 'Shenton Way', 'Thomson-East Coast Line', TO_DATE('11/13/2022','MM/DD/YYYY'), '2 PARK STREET SHENTON WAY MRT STATION (TE19) SINGAPORE 018928');
INSERT INTO TRAIN VALUES('TE2', 'Woodlands', 'Thomson-East Coast Line', TO_DATE('01/31/2020','MM/DD/YYYY'), '11 WOODLANDS SQUARE WOODLANDS MRT STATION (TE2) SINGAPORE 737736');
INSERT INTO TRAIN VALUES('TE20', 'Marina Bay', 'Thomson-East Coast Line', TO_DATE('11/13/2022','MM/DD/YYYY'), '25 PARK STREET MARINA BAY MRT STATION (TE20) SINGAPORE 018929');
INSERT INTO TRAIN VALUES('TE22', 'Gardens by the Bay', 'Thomson-East Coast Line', TO_DATE('11/13/2022','MM/DD/YYYY'), '11 MARINA MALL GARDENS BY THE BAY MRT STATION (TE22) SINGAPORE 019396');
INSERT INTO TRAIN VALUES('TE23', 'Tanjong Rhu', 'Thomson-East Coast Line', TO_DATE('06/23/2024','MM/DD/YYYY'), '2 TANJONG RHU PLACE TANJONG RHU MRT STATION (TE23) SINGAPORE 436488');
INSERT INTO TRAIN VALUES('TE24', 'Katong Park', 'Thomson-East Coast Line', TO_DATE('06/23/2024','MM/DD/YYYY'), '45 MEYER ROAD KATONG PARK MRT STATION (TE24) SINGAPORE 437870');
INSERT INTO TRAIN VALUES('TE25', 'Tanjong Katong', 'Thomson-East Coast Line', TO_DATE('06/23/2024','MM/DD/YYYY'), '2 AMBER ROAD TANJONG KATONG MRT STATION (TE25) SINGAPORE 439846');
INSERT INTO TRAIN VALUES('TE26', 'Marine Parade', 'Thomson-East Coast Line', TO_DATE('06/23/2024','MM/DD/YYYY'), '101 MARINE PARADE ROAD MARINE PARADE MRT STATION (TE26) SINGAPORE 449971');
INSERT INTO TRAIN VALUES('TE27', 'Marine Terrace', 'Thomson-East Coast Line', TO_DATE('06/23/2024','MM/DD/YYYY'), '304 MARINE PARADE ROAD MARINE TERRACE MRT STATION (TE27) SINGAPORE 449970');
INSERT INTO TRAIN VALUES('TE28', 'Siglap', 'Thomson-East Coast Line', TO_DATE('06/23/2024','MM/DD/YYYY'), '1000 MARINE PARADE ROAD SIGLAP MRT STATION (TE28) SINGAPORE 449969');
INSERT INTO TRAIN VALUES('TE29', 'Bayshore', 'Thomson-East Coast Line', TO_DATE('06/23/2024','MM/DD/YYYY'), '31 BAYSHORE ROAD BAYSHORE MRT STATION (TE29) SINGAPORE 469958');
INSERT INTO TRAIN VALUES('TE3', 'Woodlands South', 'Thomson-East Coast Line', TO_DATE('01/31/2020','MM/DD/YYYY'), '30 WOODLANDS DRIVE 17 WOODLANDS SOUTH MRT STATION (TE3) SINGAPORE 737741');
INSERT INTO TRAIN VALUES('TE4', 'Springleaf', 'Thomson-East Coast Line', TO_DATE('08/28/2021','MM/DD/YYYY'), '825 UPPER THOMSON ROAD SPRINGLEAF MRT STATION (TE4) SINGAPORE 787140');
INSERT INTO TRAIN VALUES('TE5', 'Lentor', 'Thomson-East Coast Line', TO_DATE('08/28/2021','MM/DD/YYYY'), '1 LENTOR DRIVE LENTOR MRT STATION (TE5) SINGAPORE 789361');
INSERT INTO TRAIN VALUES('TE6', 'Mayflower', 'Thomson-East Coast Line', TO_DATE('08/28/2021','MM/DD/YYYY'), '91 ANG MO KIO AVENUE 4 MAYFLOWER MRT STATION (TE6) SINGAPORE 569900');
INSERT INTO TRAIN VALUES('TE7', 'Bright Hill', 'Thomson-East Coast Line', TO_DATE('08/28/2021','MM/DD/YYYY'), '100 SIN MING AVENUE BRIGHT HILL MRT STATION (TE7) SINGAPORE 575737');
INSERT INTO TRAIN VALUES('TE8', 'Upper Thomson', 'Thomson-East Coast Line', TO_DATE('08/28/2021','MM/DD/YYYY'), '1 JALAN KELI UPPER THOMSON MRT STATION (TE8) SINGAPORE 577937');
INSERT INTO TRAIN VALUES('TE9', 'Caldecott', 'Thomson-East Coast Line', TO_DATE('08/28/2021','MM/DD/YYYY'), '1 TOA PAYOH LINK CALDECOTT MRT STATION (TE9) SINGAPORE 297608');

commit;

------------------------------------------------------------------------------------------------------------------------------------------------------------------------------------------------

--INSERT INTO TRAIN_VOLUME

drop sequence TRAIN_VOLUME_SEQ;
create sequence TRAIN_VOLUME_SEQ start with 0000001 increment by 1;

INSERT INTO TRAIN_VOLUME VALUES (TRAIN_VOLUME_SEQ.NEXTVAL, to_date('2023-10', 'yyyy-mm'),'weekends/holiday',11, 'NS7',10207,11033);
INSERT INTO TRAIN_VOLUME VALUES (TRAIN_VOLUME_SEQ.nextval, to_date('2023-10', 'yyyy-mm'),'weekday',11, 'NS7',20072,13995);
INSERT INTO TRAIN_VOLUME VALUES (TRAIN_VOLUME_SEQ.nextval, to_date('2023-10', 'yyyy-mm'),'weekends/holiday',16, 'SW4',1031,1107);
INSERT INTO TRAIN_VOLUME VALUES (TRAIN_VOLUME_SEQ.nextval, to_date('2023-10', 'yyyy-mm'),'weekday',16, 'SW4',1985,2669);
INSERT INTO TRAIN_VOLUME VALUES (TRAIN_VOLUME_SEQ.nextval, to_date('2023-10', 'yyyy-mm'),'weekends/holiday',10, 'CC5',1308,2484);
INSERT INTO TRAIN_VOLUME VALUES (TRAIN_VOLUME_SEQ.nextval, to_date('2023-10', 'yyyy-mm'),'weekday',10, 'CC5',2603,5292);
INSERT INTO TRAIN_VOLUME VALUES (TRAIN_VOLUME_SEQ.nextval, to_date('2023-10', 'yyyy-mm'),'weekday',13, 'CC23',15631,19283);
INSERT INTO TRAIN_VOLUME VALUES (TRAIN_VOLUME_SEQ.nextval, to_date('2023-10', 'yyyy-mm'),'weekends/holiday',13, 'CC23',2427,2209);
INSERT INTO TRAIN_VOLUME VALUES (TRAIN_VOLUME_SEQ.nextval, to_date('2023-10', 'yyyy-mm'),'weekends/holiday',22, 'EW33',914,1987);
INSERT INTO TRAIN_VOLUME VALUES (TRAIN_VOLUME_SEQ.nextval, to_date('2023-10', 'yyyy-mm'),'weekday',22, 'EW33',1190,2477);
INSERT INTO TRAIN_VOLUME VALUES (TRAIN_VOLUME_SEQ.nextval, to_date('2023-10', 'yyyy-mm'),'weekday',14, 'CC21',9074,8173);
INSERT INTO TRAIN_VOLUME VALUES (TRAIN_VOLUME_SEQ.nextval, to_date('2023-10', 'yyyy-mm'),'weekends/holiday',14, 'CC21',4546,3747);
INSERT INTO TRAIN_VOLUME VALUES (TRAIN_VOLUME_SEQ.nextval, to_date('2023-10', 'yyyy-mm'),'weekday',12, 'TE16',6046,4474);
INSERT INTO TRAIN_VOLUME VALUES (TRAIN_VOLUME_SEQ.nextval, to_date('2023-10', 'yyyy-mm'),'weekends/holiday',12, 'TE16',3754,2918);
INSERT INTO TRAIN_VOLUME VALUES (TRAIN_VOLUME_SEQ.nextval, to_date('2023-10', 'yyyy-mm'),'weekday',18, 'EW24',254893,174177);
INSERT INTO TRAIN_VOLUME VALUES (TRAIN_VOLUME_SEQ.nextval, to_date('2023-10', 'yyyy-mm'),'weekday',18, 'NS1',254893,174177);
INSERT INTO TRAIN_VOLUME VALUES (TRAIN_VOLUME_SEQ.nextval, to_date('2023-10', 'yyyy-mm'),'weekends/holiday',18, 'EW24',50145,47309);
INSERT INTO TRAIN_VOLUME VALUES (TRAIN_VOLUME_SEQ.nextval, to_date('2023-10', 'yyyy-mm'),'weekends/holiday',18, 'NS1',50145,47309);
INSERT INTO TRAIN_VOLUME VALUES (TRAIN_VOLUME_SEQ.nextval, to_date('2023-10', 'yyyy-mm'),'weekends/holiday',7, 'NE10',4048,3194);
INSERT INTO TRAIN_VOLUME VALUES (TRAIN_VOLUME_SEQ.nextval, to_date('2023-10', 'yyyy-mm'),'weekday',7, 'NE10',31508,35000);
INSERT INTO TRAIN_VOLUME VALUES (TRAIN_VOLUME_SEQ.nextval, to_date('2023-10', 'yyyy-mm'),'weekends/holiday',8, 'EW22',2314,2822);
INSERT INTO TRAIN_VOLUME VALUES (TRAIN_VOLUME_SEQ.nextval, to_date('2023-10', 'yyyy-mm'),'weekday',8, 'EW22',17701,56936);
INSERT INTO TRAIN_VOLUME VALUES (TRAIN_VOLUME_SEQ.nextval, to_date('2023-10', 'yyyy-mm'),'weekends/holiday',14, 'CC16',3843,2813);
INSERT INTO TRAIN_VOLUME VALUES (TRAIN_VOLUME_SEQ.nextval, to_date('2023-10', 'yyyy-mm'),'weekday',14, 'CC16',8477,7100);
INSERT INTO TRAIN_VOLUME VALUES (TRAIN_VOLUME_SEQ.nextval, to_date('2023-10', 'yyyy-mm'),'weekends/holiday',10, 'EW11',9204,8873);
INSERT INTO TRAIN_VOLUME VALUES (TRAIN_VOLUME_SEQ.nextval, to_date('2023-10', 'yyyy-mm'),'weekday',10, 'EW11',20868,19172);
INSERT INTO TRAIN_VOLUME VALUES (TRAIN_VOLUME_SEQ.nextval, to_date('2023-10', 'yyyy-mm'),'weekends/holiday',6, 'NS24',1102,2107);
INSERT INTO TRAIN_VOLUME VALUES (TRAIN_VOLUME_SEQ.nextval, to_date('2023-10', 'yyyy-mm'),'weekends/holiday',6, 'CC1',1102,2107);
INSERT INTO TRAIN_VOLUME VALUES (TRAIN_VOLUME_SEQ.nextval, to_date('2023-10', 'yyyy-mm'),'weekends/holiday',6, 'NE6',1102,2107);
INSERT INTO TRAIN_VOLUME VALUES (TRAIN_VOLUME_SEQ.nextval, to_date('2023-10', 'yyyy-mm'),'weekday',6, 'NS24',3831,9799);
INSERT INTO TRAIN_VOLUME VALUES (TRAIN_VOLUME_SEQ.nextval, to_date('2023-10', 'yyyy-mm'),'weekday',6, 'CC1',3831,9799);
INSERT INTO TRAIN_VOLUME VALUES (TRAIN_VOLUME_SEQ.nextval, to_date('2023-10', 'yyyy-mm'),'weekday',6, 'NE6',3831,9799);
INSERT INTO TRAIN_VOLUME VALUES (TRAIN_VOLUME_SEQ.nextval, to_date('2023-10', 'yyyy-mm'),'weekday',22, 'TE15',6849,2879);
INSERT INTO TRAIN_VOLUME VALUES (TRAIN_VOLUME_SEQ.nextval, to_date('2023-10', 'yyyy-mm'),'weekends/holiday',22, 'TE15',2957,1017);
INSERT INTO TRAIN_VOLUME VALUES (TRAIN_VOLUME_SEQ.nextval, to_date('2023-10', 'yyyy-mm'),'weekday',0, 'EW19',53,641);
INSERT INTO TRAIN_VOLUME VALUES (TRAIN_VOLUME_SEQ.nextval, to_date('2023-10', 'yyyy-mm'),'weekends/holiday',0, 'EW19',41,298);
INSERT INTO TRAIN_VOLUME VALUES (TRAIN_VOLUME_SEQ.nextval, to_date('2023-10', 'yyyy-mm'),'weekends/holiday',10, 'EW21',10635,9150);
INSERT INTO TRAIN_VOLUME VALUES (TRAIN_VOLUME_SEQ.nextval, to_date('2023-10', 'yyyy-mm'),'weekends/holiday',10, 'CC22',10635,9150);
INSERT INTO TRAIN_VOLUME VALUES (TRAIN_VOLUME_SEQ.nextval, to_date('2023-10', 'yyyy-mm'),'weekday',10, 'EW21',15117,26258);
INSERT INTO TRAIN_VOLUME VALUES (TRAIN_VOLUME_SEQ.nextval, to_date('2023-10', 'yyyy-mm'),'weekday',10, 'CC22',15117,26258);
INSERT INTO TRAIN_VOLUME VALUES (TRAIN_VOLUME_SEQ.nextval, to_date('2023-10', 'yyyy-mm'),'weekday',8, 'CC8',28116,11663);
INSERT INTO TRAIN_VOLUME VALUES (TRAIN_VOLUME_SEQ.nextval, to_date('2023-10', 'yyyy-mm'),'weekends/holiday',8, 'CC8',3691,2637);
INSERT INTO TRAIN_VOLUME VALUES (TRAIN_VOLUME_SEQ.nextval, to_date('2023-10', 'yyyy-mm'),'weekends/holiday',17, 'NE7',24154,28999);
INSERT INTO TRAIN_VOLUME VALUES (TRAIN_VOLUME_SEQ.nextval, to_date('2023-10', 'yyyy-mm'),'weekends/holiday',17, 'DT12',24154,28999);
INSERT INTO TRAIN_VOLUME VALUES (TRAIN_VOLUME_SEQ.nextval, to_date('2023-10', 'yyyy-mm'),'weekday',17, 'NE7',49693,38911);
INSERT INTO TRAIN_VOLUME VALUES (TRAIN_VOLUME_SEQ.nextval, to_date('2023-10', 'yyyy-mm'),'weekday',17, 'DT12',49693,38911);
INSERT INTO TRAIN_VOLUME VALUES (TRAIN_VOLUME_SEQ.nextval, to_date('2023-10', 'yyyy-mm'),'weekday',17, 'EW33',16617,7024);
INSERT INTO TRAIN_VOLUME VALUES (TRAIN_VOLUME_SEQ.nextval, to_date('2023-10', 'yyyy-mm'),'weekends/holiday',17, 'EW33',3299,2252);
INSERT INTO TRAIN_VOLUME VALUES (TRAIN_VOLUME_SEQ.nextval, to_date('2023-10', 'yyyy-mm'),'weekday',22, 'NS28',626,263);
INSERT INTO TRAIN_VOLUME VALUES (TRAIN_VOLUME_SEQ.nextval, to_date('2023-10', 'yyyy-mm'),'weekends/holiday',22, 'NS28',397,160);
INSERT INTO TRAIN_VOLUME VALUES (TRAIN_VOLUME_SEQ.nextval, to_date('2023-10', 'yyyy-mm'),'weekends/holiday',0, 'DT10',29,194);
INSERT INTO TRAIN_VOLUME VALUES (TRAIN_VOLUME_SEQ.nextval, to_date('2023-10', 'yyyy-mm'),'weekends/holiday',0, 'TE11',29,194);
INSERT INTO TRAIN_VOLUME VALUES (TRAIN_VOLUME_SEQ.nextval, to_date('2023-10', 'yyyy-mm'),'weekday',0, 'DT10',78,345);
INSERT INTO TRAIN_VOLUME VALUES (TRAIN_VOLUME_SEQ.nextval, to_date('2023-10', 'yyyy-mm'),'weekday',0, 'TE11',78,345);
INSERT INTO TRAIN_VOLUME VALUES (TRAIN_VOLUME_SEQ.nextval, to_date('2023-10', 'yyyy-mm'),'weekday',10, 'EW16',27472,38225);
INSERT INTO TRAIN_VOLUME VALUES (TRAIN_VOLUME_SEQ.nextval, to_date('2023-10', 'yyyy-mm'),'weekday',10, 'NE3',27472,38225);
INSERT INTO TRAIN_VOLUME VALUES (TRAIN_VOLUME_SEQ.nextval, to_date('2023-10', 'yyyy-mm'),'weekday',10, 'TE17',27472,38225);
INSERT INTO TRAIN_VOLUME VALUES (TRAIN_VOLUME_SEQ.nextval, to_date('2023-10', 'yyyy-mm'),'weekends/holiday',10, 'EW16',8641,9624);
INSERT INTO TRAIN_VOLUME VALUES (TRAIN_VOLUME_SEQ.nextval, to_date('2023-10', 'yyyy-mm'),'weekends/holiday',10, 'NE3',8641,9624);
INSERT INTO TRAIN_VOLUME VALUES (TRAIN_VOLUME_SEQ.nextval, to_date('2023-10', 'yyyy-mm'),'weekends/holiday',10, 'TE17',8641,9624);
INSERT INTO TRAIN_VOLUME VALUES (TRAIN_VOLUME_SEQ.nextval, to_date('2023-10', 'yyyy-mm'),'weekday',9, 'CC14',12996,9784);
INSERT INTO TRAIN_VOLUME VALUES (TRAIN_VOLUME_SEQ.nextval, to_date('2023-10', 'yyyy-mm'),'weekends/holiday',9, 'CC14',3564,2021);


commit;

select * from TRAIN_VOLUME;